flow_packet_count,flow_byte_count,rx_packets,tx_packets,rx_bytes,tx_bytes,label
44299,63497152,43908,8258,63305536,11898362,1
818,1159231,748,446,1078616,643132,1
626,902692,736,569,1061312,820498,1
1036,1293954,786,51,1133412,73542,1
977,1163314,790,99,1137780,141376,1
935,1141234,777,142,1120434,204764,1
828,1193976,829,174,1195418,250908,1
781,1126202,775,302,1117550,435484,1
644,682165,590,86,850780,124012,1
913,1253618,870,95,1254540,136990,1
740,1067080,785,482,1130570,693662,1
782,1127644,785,93,1131970,134106,1
1025,1478050,855,0,1232910,0,1
700,1009400,702,0,1012284,0,1
608,876736,786,0,1133412,0,1
949,1368458,778,0,1121876,0,1
868,1251656,872,7,1256024,8712,1
782,1127644,786,87,1133412,125454,1
753,963908,663,38,956046,54796,1
847,1221374,848,130,1222816,187460,1
774,1116108,869,339,1253098,488838,1
868,1251656,911,17,1313662,24514,1
659,950278,614,241,885388,347522,1
814,1173788,789,189,1136338,271156,1
782,1127644,785,0,1131970,0,1
868,1251656,873,294,1258866,423948,1
803,1157926,741,548,1068522,790216,1
783,1129086,914,462,1317988,666204,1
889,1249830,873,367,1258866,529214,1
1040,1499680,864,289,1244488,415356,1
731,889528,618,227,891156,327334,1
778,1121876,780,123,1124760,177366,1
876,1135503,787,65,1134854,93730,1
799,1023096,708,125,1020936,180250,1
770,1110340,773,37,1114666,53354,1
712,1026704,714,164,1028188,235106,1
672,969024,674,339,971908,488838,1
782,1127644,784,89,1130528,128338,1
788,1136296,789,505,1137738,728210,1
790,1139180,791,448,1140622,646016,1
958,1095644,752,51,1084384,73542,1
714,1029588,716,250,1031072,359118,1
867,1250214,869,195,1253098,281190,1
868,1251656,869,9,1253098,12978,1
868,1251656,869,37,1253098,53354,1
868,1251656,869,121,1253098,174482,1
868,1251656,870,88,1254540,126896,1
867,1250214,872,118,1256024,168774,1
851,1227142,853,206,1230026,297052,1
867,1250214,869,563,1253098,811846,1
868,1251656,870,9,1254540,12978,1
867,1250214,871,0,1255982,0,1
1050,1282414,870,0,1254540,0,1
867,1250214,870,327,1253140,470152,1
867,1250214,869,581,1253098,837802,1
866,1248772,867,92,1250214,132664,1
867,1250214,870,89,1254540,128338,1
868,1251656,870,528,1254540,761376,1
846,1219932,848,783,1222816,1129086,1
1063,1259230,872,125,1256024,178868,1
868,1251656,872,18,1257424,25956,1
928,1258937,871,0,1255982,0,1
698,1006516,702,0,1012284,0,1
867,1250214,872,0,1257424,0,1
867,1250214,871,1,1254582,60,1
868,1251656,872,0,1257424,0,1
790,1139180,729,6,1051218,8652,1
802,1155220,869,38,1253098,54796,1
988,1271548,872,495,1256024,712408,1
847,1030356,700,72,1009400,103824,1
837,1206954,839,189,1209838,272538,1
783,1129086,709,87,1022378,125454,1
650,937300,646,131,930132,187520,1
782,1127644,867,155,1250214,223510,1
827,1192534,830,348,1196860,501816,1
782,1127644,783,484,1129086,697928,1
757,1091594,656,217,945952,312914,1
729,1051218,777,283,1119034,406704,1
847,1221374,811,157,1169462,226394,1
830,1196860,869,117,1253098,168714,1
798,1150716,801,133,1155042,191786,1
1063,1146514,782,116,1126244,165890,1
802,1151288,799,216,1152158,311472,1
783,1129086,783,374,1129086,539308,1
1146,1330326,866,95,1248772,136990,1
835,1204070,808,38,1163736,53414,1
821,1183882,824,112,1188208,161504,1
861,1241562,862,183,1243004,263886,1
783,1129086,787,166,1134854,239372,1
844,1217048,846,227,1218532,325952,1
784,1130528,787,294,1134854,423948,1
700,1009400,702,250,1012284,360500,1
689,993538,782,288,1127644,415296,1
671,967582,625,142,901250,204764,1
675,972022,728,127,1048376,181752,1
1097,1280418,845,197,1218490,284074,1
784,1130528,837,198,1206954,285516,1
868,1251656,871,175,1255982,252350,1
705,1016610,669,486,963298,699430,1
867,1250214,869,261,1253098,376362,1
867,1250214,872,58,1257424,83636,1
868,1251656,872,0,1257424,0,1
865,1247330,863,131,1243046,187520,1
867,1250214,868,160,1251656,230720,1
851,1227142,851,61,1227142,87962,1
1027,1268294,869,81,1253098,116802,1
650,937300,652,290,940184,418180,1
960,1384320,873,53,1257466,75044,1
586,845012,702,0,1012284,0,1
782,1127644,702,3,1012284,4326,1
863,1166266,726,112,1046892,161504,1
864,1245888,869,446,1251698,641750,1
752,1032744,707,127,1019494,183134,1
860,1240120,869,196,1253098,282632,1
867,1250214,869,546,1253098,787332,1
868,1251656,869,771,1253098,1111782,1
782,1127644,785,213,1130570,305764,1
741,1068522,736,785,1061312,1131970,1
674,971908,676,67,974792,96614,1
791,1140622,792,58,1142064,83636,1
850,1225700,852,41,1228584,59122,1
694,1000748,784,31,1130528,44702,1
868,1251656,869,142,1253098,204764,1
1187,1379959,870,41,1253140,57740,1
873,1258866,873,88,1258866,126896,1
867,1250214,951,330,1371342,475860,1
782,1127644,807,211,1163694,304262,1
868,1251656,849,0,1224258,0,1
868,1251656,871,0,1255982,0,1
867,1250214,871,467,1255982,673414,1
868,1251656,870,473,1253140,680684,1
866,1248772,868,266,1251656,383572,1
868,1251656,869,227,1253098,327334,1
867,1250214,870,695,1254540,1002190,1
867,1248904,784,623,1130528,898366,1
822,1025504,784,694,1130528,1000748,1
867,1250214,868,191,1251656,275422,1
868,1251656,870,3,1253140,2944,1
782,1127644,784,88,1130528,126896,1
867,1250214,871,0,1255982,0,1
868,1251656,871,275,1255982,396550,1
868,1251656,871,87,1255982,125454,1
952,1259989,869,56,1253098,80752,1
867,1250214,870,29,1254540,41818,1
867,1250214,869,113,1251698,161564,1
868,1251656,869,58,1253098,83636,1
888,1251474,871,34,1255982,49028,1
783,1129086,785,98,1131970,141316,1
868,1251656,870,58,1254540,83636,1
868,1251656,871,317,1255982,457114,1
1041,1501122,870,0,1254540,0,1
967,1146144,785,64,1130570,90906,1
678,960230,840,26,1211280,37492,1
967,1394414,796,23,1147832,33166,1
877,1026002,863,246,1244446,354732,1
957,1379994,790,592,1139180,853664,1
694,1000748,870,398,1254540,573916,1
1040,1499680,868,328,1251656,472976,1
695,1002190,842,181,1212764,259620,1
955,1377110,811,178,1169462,256676,1
867,1250214,870,140,1254540,201880,1
642,925764,646,0,931532,0,1
534,770028,643,69,927206,99498,1
841,1211331,843,65,1215606,93730,1
941,1166355,730,386,1052660,556612,1
868,1251656,907,119,1306494,170216,1
783,1129086,787,488,1134854,703696,1
868,1251656,869,717,1253098,1033914,1
867,1250214,869,64,1253098,92288,1
783,1129086,707,76,1019494,109592,1
782,1127644,870,159,1254540,229278,1
721,1039682,722,122,1041124,175924,1
1004,1255120,868,11,1251656,15862,1
867,1250214,870,50,1253140,70718,1
774,1116108,777,79,1120434,113918,1
867,1250214,868,149,1251656,214858,1
868,1251656,869,80,1253098,115360,1
1013,1225627,836,231,1205512,333102,1
868,1251656,871,197,1255982,284074,1
867,1250214,871,135,1255982,194670,1
839,1209838,842,96,1212764,137050,1
856,1234352,860,231,1240120,333102,1
867,1250214,868,219,1251656,315798,1
697,1005074,699,20,1007958,28840,1
611,881062,578,141,833476,203322,1
824,1186934,861,163,1241562,235046,1
1022,1276254,871,450,1254582,647518,1
698,1006516,699,152,1007958,219184,1
732,1055544,696,141,1003632,203322,1
1081,1303547,786,180,1133412,259560,1
694,1000748,809,285,1166578,410970,1
820,1182440,701,278,1010842,400876,1
812,1118383,773,232,1113266,333162,1
919,1135610,773,106,1114666,152852,1
776,1118992,849,224,1224258,323008,1
710,1023820,713,0,1028146,0,1
983,1155721,796,107,1147832,154294,1
658,948836,662,200,954604,288400,1
781,1126202,788,61,1134896,86580,1
867,1250214,871,180,1255982,259560,1
807,1163694,810,331,1168020,477302,1
721,1039682,722,123,1041124,177366,1
947,1145650,785,222,1131970,320124,1
861,1124895,775,232,1117550,334544,1
854,1231468,896,119,1290632,170216,1
803,1157926,806,226,1162252,325892,1
856,1234352,858,234,1237236,337428,1
777,1120434,699,200,1007958,288400,1
752,1084384,701,179,1010842,258118,1
584,842128,734,76,1058428,109592,1
888,1280496,717,213,1032514,305764,1
997,1146290,784,189,1130528,272538,1
799,1152158,802,143,1156484,206206,1
699,1007958,700,248,1009400,357616,1
867,1250214,869,137,1253098,197554,1
744,831698,655,350,944510,504700,1
868,1251656,870,249,1253140,357676,1
822,1185324,824,14,1188208,20188,1
782,1127644,784,0,1130528,0,1
868,1251656,869,0,1253098,0,1
867,1250214,871,0,1255982,0,1
867,1250214,869,12,1253098,17304,1
868,1251656,873,14,1257466,18806,1
815,1173949,817,16,1178114,23072,1
853,1173662,695,80,1002190,115360,1
803,1157926,785,63,1131970,90846,1
715,1031030,863,100,1244446,144200,1
1041,1501122,935,137,1348270,197554,1
834,1202628,834,202,1201228,289902,1
821,1183882,787,769,1134854,1108898,1
764,998563,866,193,1248772,278306,1
870,1254540,699,560,1007958,807520,1
580,836360,573,119,826266,171598,1
781,1126202,794,87,1144948,125454,1
856,1234352,857,72,1234394,102442,1
974,1217824,834,138,1202628,198996,1
867,1250214,870,328,1254540,472976,1
733,1056986,728,366,1049776,527772,1
735,1059870,737,147,1062754,211974,1
845,1218490,848,148,1222816,213416,1
781,1126202,785,246,1130570,353350,1
784,1130528,784,135,1130528,194670,1
1055,1173330,803,130,1157926,187460,1
723,1042566,724,88,1044008,126896,1
853,1230026,855,93,1232910,134106,1
864,1135323,786,407,1133412,586894,1
824,1188208,827,222,1191134,318742,1
761,1097362,764,439,1101688,633038,1
697,1005074,699,195,1007958,281190,1
718,1035356,723,95,1042566,136990,1
840,1211280,841,209,1212722,301378,1
591,852222,593,116,855106,167272,1
728,1049776,678,159,976276,227896,1
762,1098804,761,138,1097362,198996,1
839,983378,848,112,1222816,161504,1
1042,1502564,871,0,1255982,0,1
611,881062,789,0,1137738,0,1
820,1182440,636,87,917112,125454,1
609,878178,788,80,1134896,113978,1
731,1054102,647,305,932974,439810,1
914,1317988,828,438,1193976,631596,1
695,1002190,856,221,1234352,318682,1
893,1287706,741,41,1068522,59122,1
868,1251656,871,79,1255982,113918,1
1041,1274672,870,154,1253140,220686,1
816,1176672,816,173,1176672,249466,1
887,1251974,870,138,1254540,198996,1
851,1227142,854,89,1231468,128338,1
868,1251656,871,106,1255982,152852,1
866,1248772,872,86,1257424,124012,1
868,1251656,870,216,1253140,310090,1
868,1251656,870,46,1254540,66332,1
867,1250214,869,119,1253098,171598,1
920,1258641,874,114,1260308,164388,1
867,1250214,869,41,1253098,59122,1
868,1251656,871,132,1255982,190344,1
888,1135594,784,81,1130528,116802,1
868,1251656,870,140,1253140,200498,1
876,1250799,870,116,1254540,167272,1
685,987770,641,0,924322,0,1
774,1116108,823,0,1186766,0,1
759,1094478,762,0,1098804,0,1
868,1251656,869,0,1253098,0,1
851,1227142,854,1,1230068,60,1
867,1250214,870,100,1254540,144200,1
867,1250214,866,157,1248772,226394,1
837,1206954,838,279,1208396,402318,1
998,1251250,861,193,1241562,278306,1
847,1221374,844,163,1217048,235046,1
848,1222816,856,171,1232952,245200,1
862,1243004,865,181,1247330,261002,1
867,1250214,869,184,1253098,265328,1
868,1251656,870,198,1254540,285516,1
868,1251656,869,303,1253098,436926,1
867,1250214,871,145,1255982,209090,1
868,1251656,871,1,1254582,60,1
868,1250287,869,169,1253098,243698,1
903,1254211,869,284,1253098,409528,1
868,1251656,870,291,1254540,419622,1
868,1251656,869,377,1253098,543634,1
867,1250214,869,471,1253098,679182,1
853,1230026,855,371,1232910,534982,1
867,1250214,870,627,1254540,904134,1
781,1126202,784,627,1129128,902752,1
868,1251656,871,267,1255982,385014,1
789,1137738,791,84,1140622,121128,1
986,1260210,870,47,1254540,67774,1
868,1251656,876,0,1263192,0,1
867,1250214,870,369,1254540,532098,1
867,1250214,868,558,1251656,804636,1
867,1250214,870,344,1254540,496048,1
868,1251656,870,441,1253140,634540,1
863,1244446,785,604,1131970,870968,1
914,1317988,869,17,1253098,24514,1
816,1132815,857,4,1235794,5768,1
803,1157926,805,671,1160810,967582,1
816,1132982,794,399,1144948,575358,1
867,1250214,869,6,1253098,8652,1
867,1250214,868,203,1251656,292726,1
867,1250214,870,128,1253140,183194,1
867,1250214,869,528,1253098,761376,1
868,1251656,870,60,1254540,86520,1
868,1251656,869,145,1253098,209090,1
782,1127644,784,17,1130528,24514,1
867,1250214,869,20,1253098,28840,1
867,1250214,870,22,1254540,31724,1
1078,1273213,872,0,1257424,0,1
867,1250214,874,1,1258908,60,1
868,1251656,871,7,1255982,10094,1
866,1248772,870,90,1254540,129780,1
868,1251656,869,112,1253098,161504,1
867,1250214,869,170,1253098,245140,1
869,1253098,870,216,1254540,311472,1
867,1250214,869,163,1253098,235046,1
869,1251774,871,0,1255982,0,1
929,1257530,873,1,1257466,60,1
868,1251656,855,0,1232910,0,1
849,1224258,872,0,1257424,0,1
867,1250214,871,8,1255982,11536,1
783,1129086,784,43,1130528,62006,1
868,1251656,869,262,1253098,377804,1
867,1250214,870,662,1254540,954604,1
855,1113054,699,655,1007958,944510,1
820,1182440,824,1,1186808,60,1
867,1250214,870,0,1254540,0,1
867,1250214,871,0,1255982,0,1
866,1248772,869,86,1253098,124012,1
868,1251656,795,71,1146390,102382,1
793,1143506,869,165,1253098,237930,1
845,1218490,848,87,1222816,125454,1
869,1253098,794,144,1144948,207648,1
724,1044008,727,99,1048334,142758,1
782,1127644,785,201,1130570,288460,1
718,1035356,719,189,1036798,272538,1
1014,1149403,781,333,1126202,480186,1
867,1250214,937,165,1351154,237930,1
887,1255798,802,124,1156484,178808,1
867,1250214,903,45,1302126,64890,1
867,1250214,869,2,1253098,2884,1
44299,63497152,295,29,40584,3655,0
818,1159231,15,0,1305,0,0
626,902692,0,3,0,261,0
1036,1293954,149,0,14900,0,0
977,1163314,180,26,14040,2600,0
935,1141234,163,78,26610,6066,0
828,1193976,0,19,0,3116,0
781,1126202,0,0,0,0,0
644,682165,179,0,11635,0,0
913,1253618,46,74,3404,4810,0
740,1067080,0,23,0,1702,0
782,1127644,0,0,0,0,0
1025,1478050,0,0,0,0,0
700,1009400,0,0,0,0,0
608,876736,0,0,0,0,0
949,1368458,0,0,0,0,0
868,1251656,0,0,0,0,0
782,1127644,0,0,0,0,0
753,963908,94,0,13630,0,0
847,1221374,1,22,42,3105,0
774,1116108,0,0,0,0,0
868,1251656,0,0,0,0,0
659,950278,0,0,0,0,0
814,1173788,0,0,0,0,0
782,1127644,0,0,0,0,0
868,1251656,0,0,0,0,0
803,1157926,0,0,0,0,0
783,1129086,0,0,0,0,0
889,1249830,23,0,1058,0,0
1040,1499680,1,5,42,244,0
731,889528,123,0,12792,0,0
778,1121876,0,3,0,312,0
876,1135503,110,0,7590,0,0
799,1023096,77,0,5313,0,0
770,1110340,0,3,0,207,0
712,1026704,0,0,0,0,0
672,969024,0,0,0,0,0
782,1127644,0,0,0,0,0
788,1136296,0,0,0,0,0
790,1139180,0,0,0,0,0
958,1095644,208,0,14144,0,0
714,1029588,1,29,42,1964,0
867,1250214,0,0,0,0,0
868,1251656,0,0,0,0,0
868,1251656,0,0,0,0,0
868,1251656,0,0,0,0,0
868,1251656,0,0,0,0,0
867,1250214,0,0,0,0,0
851,1227142,0,0,0,0,0
867,1250214,0,0,0,0,0
868,1251656,0,0,0,0,0
867,1250214,0,0,0,0,0
1050,1282414,182,0,30758,0,0
867,1250214,1,61,42,10200,0
867,1250214,0,0,0,0,0
866,1248772,0,0,0,0,0
867,1250214,0,0,0,0,0
868,1251656,0,0,0,0,0
846,1219932,0,0,0,0,0
1063,1259230,196,0,9016,0,0
868,1251656,0,0,0,0,0
928,1258937,61,0,8723,0,0
698,1006516,0,0,0,0,0
867,1250214,0,0,0,0,0
867,1250214,0,0,0,0,0
868,1251656,0,0,0,0,0
790,1139180,0,0,0,0,0
802,1155220,54,0,9612,0,0
988,1271548,69,1,11942,60,0
847,1030356,149,9,23840,1581,0
837,1206954,0,10,0,1600,0
783,1129086,0,0,0,0,0
650,937300,0,0,0,0,0
782,1127644,0,0,0,0,0
827,1192534,0,0,0,0,0
782,1127644,0,0,0,0,0
757,1091594,0,0,0,0,0
729,1051218,0,0,0,0,0
847,1221374,0,0,0,0,0
830,1196860,0,0,0,0,0
798,1150716,0,0,0,0,0
1063,1146514,287,0,22326,0,0
802,1151288,1,83,42,5231,0
783,1129086,0,11,0,1573,0
1146,1330326,249,0,36852,0,0
835,1204070,0,0,0,0,0
821,1183882,0,0,0,0,0
861,1241562,0,0,0,0,0
783,1129086,0,0,0,0,0
844,1217048,0,0,0,0,0
784,1130528,0,0,0,0,0
700,1009400,0,0,0,0,0
689,993538,0,0,0,0,0
671,967582,0,0,0,0,0
675,972022,7,0,798,0,0
1097,1280418,222,1,25236,60,0
784,1130528,0,41,0,4674,0
868,1251656,0,0,0,0,0
705,1016610,0,0,0,0,0
867,1250214,0,0,0,0,0
867,1250214,0,0,0,0,0
868,1251656,0,0,0,0,0
865,1247330,0,0,0,0,0
867,1250214,0,0,0,0,0
851,1227142,0,0,0,0,0
1027,1268294,160,0,18080,0,0
650,937300,1,25,42,2772,0
960,1384320,0,0,0,0,0
586,845012,0,0,0,0,0
782,1127644,0,0,0,0,0
863,1166266,60,0,8340,0,0
864,1245888,0,0,0,0,0
752,1032744,40,20,6040,2780,0
860,1240120,0,10,0,1510,0
867,1250214,0,0,0,0,0
868,1251656,0,0,0,0,0
782,1127644,0,0,0,0,0
741,1068522,0,0,0,0,0
674,971908,0,0,0,0,0
791,1140622,0,0,0,0,0
850,1225700,0,0,0,0,0
694,1000748,0,0,0,0,0
868,1251656,0,0,0,0,0
1187,1379959,243,0,18711,0,0
873,1258866,1,47,42,3602,0
867,1250214,0,0,0,0,0
782,1127644,0,0,0,0,0
868,1251656,0,0,0,0,0
868,1251656,0,0,0,0,0
867,1250214,0,0,0,0,0
868,1251656,0,0,0,0,0
866,1248772,0,0,0,0,0
868,1251656,0,0,0,0,0
867,1250214,0,0,0,0,0
867,1248904,18,0,2376,0,0
822,1025504,106,1,13902,60,0
867,1250214,0,0,0,0,0
868,1251656,0,0,0,0,0
782,1127644,0,0,0,0,0
867,1250214,0,0,0,0,0
868,1251656,0,0,0,0,0
868,1251656,0,0,0,0,0
952,1259989,85,0,9775,0,0
867,1250214,1,9,42,980,0
867,1250214,0,0,0,0,0
868,1251656,0,0,0,0,0
888,1251474,21,0,1260,0,0
783,1129086,0,1,0,60,0
868,1251656,0,0,0,0,0
868,1251656,0,0,0,0,0
1041,1501122,0,0,0,0,0
967,1146144,190,0,19000,0,0
678,960230,9,3,842,260,0
967,1394414,0,33,0,3300,0
877,1026002,183,0,25254,0,0
957,1379994,0,58,0,8004,0
694,1000748,0,0,0,0,0
1040,1499680,0,0,0,0,0
695,1002190,0,0,0,0,0
955,1377110,0,0,0,0,0
867,1250214,0,0,0,0,0
642,925764,0,0,0,0,0
534,770028,0,0,0,0,0
841,1211331,4,0,204,0,0
941,1166355,135,1,6876,60,0
868,1251656,0,9,0,459,0
783,1129086,0,0,0,0,0
868,1251656,0,0,0,0,0
867,1250214,0,0,0,0,0
783,1129086,0,0,0,0,0
782,1127644,0,0,0,0,0
721,1039682,0,0,0,0,0
1004,1255120,138,0,6348,0,0
867,1250214,1,7,42,336,0
774,1116108,0,0,0,0,0
867,1250214,0,0,0,0,0
868,1251656,0,0,0,0,0
1013,1225627,181,0,25883,0,0
868,1251656,0,29,0,4147,0
867,1250214,0,0,0,0,0
839,1209838,0,0,0,0,0
856,1234352,0,0,0,0,0
867,1250214,0,0,0,0,0
697,1005074,0,0,0,0,0
611,881062,0,0,0,0,0
824,1186934,72,0,12096,0,0
1022,1276254,85,1,14154,60,0
698,1006516,0,18,0,3024,0
732,1055544,0,0,0,0,0
1081,1303547,195,0,25935,0,0
694,1000748,0,25,0,3325,0
820,1182440,0,0,0,0,0
812,1118383,61,0,9821,0,0
919,1135610,129,1,20650,60,0
776,1118992,0,56,0,9016,0
710,1023820,0,0,0,0,0
983,1155721,189,0,10773,0,0
658,948836,0,50,0,2850,0
781,1126202,0,0,0,0,0
867,1250214,0,0,0,0,0
807,1163694,0,0,0,0,0
721,1039682,0,0,0,0,0
947,1145650,251,0,25351,0,0
861,1124895,1,84,42,8443,0
854,1231468,0,14,0,1414,0
803,1157926,0,0,0,0,0
856,1234352,0,0,0,0,0
777,1120434,0,0,0,0,0
752,1084384,0,0,0,0,0
584,842128,0,0,0,0,0
888,1280496,0,0,0,0,0
997,1146290,216,0,20088,0,0
799,1152158,1,12,42,1083,0
699,1007958,0,0,0,0,0
867,1250214,0,0,0,0,0
744,831698,182,0,21294,0,0
868,1251656,0,87,0,10179,0
822,1185324,0,0,0,0,0
782,1127644,0,0,0,0,0
868,1251656,0,0,0,0,0
867,1250214,0,0,0,0,0
867,1250214,0,0,0,0,0
868,1251656,0,0,0,0,0
815,1173949,45,0,7245,0,0
853,1173662,1,1,42,60,0
803,1157926,0,11,0,1771,0
715,1031030,0,0,0,0,0
1041,1501122,0,0,0,0,0
834,1202628,0,0,0,0,0
821,1183882,0,0,0,0,0
764,998563,75,0,5025,0,0
870,1254540,1,5,42,328,0
580,836360,0,0,0,0,0
781,1126202,0,0,0,0,0
856,1234352,0,0,0,0,0
974,1217824,141,0,16638,0,0
867,1250214,0,37,0,4366,0
733,1056986,0,0,0,0,0
735,1059870,0,0,0,0,0
845,1218490,0,0,0,0,0
781,1126202,0,0,0,0,0
784,1130528,0,0,0,0,0
1055,1173330,254,0,18288,0,0
723,1042566,1,21,42,1500,0
853,1230026,0,0,0,0,0
864,1135323,81,0,6237,0,0
824,1188208,0,9,0,693,0
761,1097362,0,0,0,0,0
697,1005074,0,0,0,0,0
718,1035356,0,0,0,0,0
840,1211280,0,0,0,0,0
591,852222,0,0,0,0,0
728,1049776,0,0,0,0,0
762,1098804,0,0,0,0,0
839,983378,169,0,17238,0,0
1042,1502564,1,1,42,60,0
611,881062,0,0,0,0,0
820,1182440,0,0,0,0,0
609,878178,0,0,0,0,0
731,1054102,0,0,0,0,0
914,1317988,0,0,0,0,0
695,1002190,0,0,0,0,0
893,1287706,0,0,0,0,0
868,1251656,0,0,0,0,0
1041,1274672,175,0,25900,0,0
816,1176672,1,3,42,356,0
887,1251974,20,12,1760,1776,0
851,1227142,0,0,0,0,0
868,1251656,0,0,0,0,0
866,1248772,0,0,0,0,0
868,1251656,0,0,0,0,0
868,1251656,0,0,0,0,0
867,1250214,0,0,0,0,0
920,1258641,53,0,8427,0,0
867,1250214,1,15,42,2286,0
868,1251656,0,0,0,0,0
888,1135594,106,0,7950,0,0
868,1251656,0,19,0,1425,0
876,1250799,9,0,585,0,0
685,987770,1,1,42,60,0
774,1116108,0,0,0,0,0
759,1094478,0,0,0,0,0
868,1251656,0,0,0,0,0
851,1227142,0,0,0,0,0
867,1250214,0,0,0,0,0
867,1250214,0,0,0,0,0
837,1206954,0,0,0,0,0
998,1251250,142,0,16898,0,0
847,1221374,1,32,42,3749,0
848,1222816,0,0,0,0,0
862,1243004,0,0,0,0,0
867,1250214,0,0,0,0,0
868,1251656,0,0,0,0,0
868,1251656,0,0,0,0,0
867,1250214,0,0,0,0,0
868,1251656,0,0,0,0,0
868,1250287,36,0,2628,0,0
903,1254211,1,1,42,60,0
868,1251656,0,1,0,73,0
868,1251656,0,0,0,0,0
867,1250214,0,0,0,0,0
853,1230026,0,0,0,0,0
867,1250214,0,0,0,0,0
781,1126202,0,0,0,0,0
868,1251656,0,0,0,0,0
789,1137738,0,0,0,0,0
986,1260210,119,0,9996,0,0
868,1251656,1,1,42,60,0
867,1250214,0,0,0,0,0
867,1250214,0,0,0,0,0
867,1250214,0,0,0,0,0
868,1251656,0,0,0,0,0
863,1244446,0,0,0,0,0
914,1317988,0,0,0,0,0
816,1132815,33,0,3729,0,0
803,1157926,1,25,42,2772,0
816,1132982,34,0,5338,0,0
867,1250214,0,11,0,1727,0
867,1250214,0,0,0,0,0
867,1250214,0,0,0,0,0
867,1250214,0,0,0,0,0
868,1251656,0,0,0,0,0
868,1251656,0,0,0,0,0
782,1127644,0,0,0,0,0
867,1250214,0,0,0,0,0
867,1250214,0,0,0,0,0
1078,1273213,211,0,22999,0,0
867,1250214,1,1,42,60,0
868,1251656,0,0,0,0,0
866,1248772,0,0,0,0,0
868,1251656,0,0,0,0,0
867,1250214,0,0,0,0,0
869,1253098,0,0,0,0,0
867,1250214,0,0,0,0,0
869,1251774,43,0,5074,0,0
929,1257530,21,1,2402,60,0
868,1251656,0,0,0,0,0
849,1224258,0,0,0,0,0
867,1250214,0,0,0,0,0
783,1129086,0,0,0,0,0
868,1251656,0,0,0,0,0
867,1250214,0,0,0,0,0
855,1113054,88,0,7040,0,0
820,1182440,0,0,0,0,0
867,1250214,0,0,0,0,0
867,1250214,0,0,0,0,0
866,1248772,0,0,0,0,0
868,1251656,0,0,0,0,0
793,1143506,0,0,0,0,0
845,1218490,0,0,0,0,0
869,1253098,0,0,0,0,0
724,1044008,0,0,0,0,0
782,1127644,0,0,0,0,0
718,1035356,0,0,0,0,0
1014,1149403,235,0,26085,0,0
867,1250214,1,125,42,13824,0
887,1255798,18,0,2700,0,0
867,1250214,0,0,0,0,0
867,1250214,0,0,0,0,0
87774,126570108,43990,10848,63423780,15633142,1
1752,2526384,834,161,1202628,232162,1
1249,1801058,778,44,1121876,63448,1
1782,2569644,767,367,1106014,529214,1
1488,2145696,704,232,1015168,334544,1
1552,2237984,777,56,1120434,80752,1
1592,2295664,744,307,1072848,442694,1
1662,2396604,875,187,1260350,268272,1
1172,1690024,669,403,964698,581126,1
1479,2132718,785,261,1131970,376362,1
1414,2038988,655,57,944510,82194,1
1597,2302874,870,142,1254540,204764,1
1880,2710960,856,0,1234352,0,1
1482,2137044,784,0,1130528,0,1
1216,1753472,785,0,1131970,0,1
2033,2931586,864,0,1245888,0,1
1734,2500428,870,6,1254540,8652,1
1445,2083690,752,105,1084384,151410,1
1480,2134160,703,34,1010926,46264,1
1584,2284128,784,176,1130528,253792,1
1546,2229332,868,212,1251656,305704,1
1736,2503312,920,77,1326640,111034,1
1426,2056292,557,123,803194,177366,1
1675,2415350,784,14,1130528,20188,1
1649,2377858,870,0,1254540,0,1
1736,2503312,875,465,1261750,670530,1
1479,2132718,717,197,1033914,284074,1
1481,2135602,829,65,1195418,93730,1
1622,2338924,849,67,1222858,95232,1
1818,2621556,777,93,1120434,134106,1
1558,2246636,804,36,1159368,51912,1
1655,2386510,790,301,1139180,434042,1
1453,2095226,759,363,1094478,523446,1
1466,2113972,761,320,1097362,461440,1
1383,1994286,737,611,1062754,881062,1
1481,2135602,699,219,1007958,315798,1
1429,2060618,717,97,1033914,139874,1
1734,2500428,869,66,1253098,95172,1
1559,2248078,774,96,1114708,137050,1
1656,2387952,869,24,1253098,34608,1
1578,2275476,743,47,1071406,67774,1
1713,2470146,849,76,1224258,109592,1
1735,2501870,869,337,1253098,485954,1
1736,2503312,869,52,1253098,74984,1
1735,2501870,868,25,1251656,36050,1
1736,2503312,870,148,1254540,213416,1
1736,2503312,870,13,1254540,18746,1
1735,2501870,871,155,1255982,223510,1
1735,2501870,870,197,1253140,282692,1
1734,2500428,869,125,1253098,180250,1
1716,2474472,870,3,1254540,4326,1
1660,2393720,871,0,1255982,0,1
1736,2503312,870,0,1254540,0,1
1734,2500428,870,13,1254540,18746,1
1734,2500428,868,195,1251656,281190,1
1732,2497544,867,694,1250214,1000748,1
1619,2334598,813,136,1172346,196112,1
1564,2255288,870,63,1254540,90846,1
1735,2501870,871,21,1254582,28900,1
1734,2500428,870,408,1254540,588336,1
1650,2379300,872,110,1257424,158620,1
1734,2500428,871,0,1255982,0,1
1551,2236542,788,0,1136296,0,1
1735,2501870,872,0,1257424,0,1
1735,2501870,870,1,1253140,60,1
1730,2494660,867,0,1250214,0,1
1735,2501870,871,433,1255982,624386,1
1731,2496102,868,660,1251656,951720,1
1734,2500428,871,96,1255982,138432,1
1396,2013032,700,83,1009400,119686,1
1734,2500428,870,271,1253140,389400,1
1566,2258172,794,355,1144948,511910,1
1429,2060618,715,44,1031030,63448,1
1651,2380742,866,281,1248772,405202,1
1652,2382184,760,101,1095920,145642,1
1350,1946700,717,84,1033914,121128,1
1668,2405256,814,317,1172388,455732,1
1451,2092342,775,108,1117550,155736,1
1710,2465820,824,30,1188208,43260,1
1662,2396604,870,225,1254540,324450,1
1736,2503312,869,178,1253098,256676,1
1650,2379300,784,262,1130528,377804,1
1596,2301432,800,108,1152200,154354,1
1479,2132718,784,143,1130528,206206,1
1631,2351902,784,105,1130528,151410,1
1431,2063502,721,112,1039682,161504,1
1666,2402372,845,24,1218490,34608,1
1691,2438422,833,348,1201186,501816,1
1569,2262498,828,257,1192576,369212,1
1706,2460052,838,182,1208396,262444,1
1557,2245194,777,36,1120434,51912,1
1395,2011590,699,183,1007958,263886,1
1357,1956794,731,147,1054102,211974,1
1392,2007264,686,91,987812,129840,1
1420,2047640,715,123,1031030,177366,1
1751,2524942,869,148,1253098,213416,1
1735,2501870,836,234,1205512,337428,1
1540,2220680,871,173,1255982,249466,1
1642,2367764,698,38,1006516,54796,1
1565,2256730,785,220,1130570,315858,1
1734,2500428,872,153,1257424,220626,1
1736,2503312,873,0,1258866,0,1
1683,2426886,811,133,1169462,191786,1
1651,2380742,785,203,1131970,292726,1
1702,2454284,849,10,1224258,14420,1
1733,2498986,870,112,1253140,160122,1
1619,2334598,753,185,1085826,266770,1
1708,2462936,660,119,951720,171598,1
1256,1811152,701,0,1010842,0,1
1405,2026010,789,4,1137738,5768,1
1704,2457168,770,47,1110340,67774,1
1728,2491776,869,33,1251698,46204,1
1733,2498986,870,162,1254540,233604,1
1734,2500428,869,279,1253098,402318,1
1736,2503312,869,145,1253098,209090,1
1734,2500428,869,19,1253098,27398,1
1716,2474472,850,1,1225700,1442,1
1639,2363438,857,24,1234394,33226,1
1512,2180304,758,232,1093036,334544,1
1612,2324504,792,539,1142064,777238,1
1538,2217796,853,229,1230026,330218,1
1474,2125508,870,56,1254540,80752,1
1654,2385068,855,191,1232910,275422,1
1887,2721054,868,574,1251656,827708,1
1685,2429770,814,165,1172388,236548,1
1734,2500428,950,233,1369900,335986,1
1736,2503312,807,73,1163694,105266,1
1649,2377858,849,0,1224258,0,1
1736,2503312,872,0,1257424,0,1
1606,2315852,871,41,1255982,59122,1
1735,2501870,868,100,1251656,144200,1
1649,2377858,870,519,1253140,747016,1
1564,2255288,699,599,1007958,863758,1
1734,2500428,870,87,1254540,125454,1
1735,2501870,868,164,1251656,236488,1
1651,2380742,784,152,1130528,219184,1
1736,2503312,869,199,1253098,286958,1
1736,2503312,870,72,1254540,103824,1
1734,2500428,869,91,1251698,129840,1
1736,2503312,872,0,1257424,0,1
1734,2500428,870,53,1254540,76426,1
1650,2379300,786,170,1133412,245140,1
1736,2503312,868,119,1251656,171598,1
1734,2500428,871,56,1255982,80752,1
1733,2498986,869,158,1253098,227836,1
1734,2500428,869,82,1251698,116862,1
1735,2501870,871,33,1255982,47586,1
1662,2396604,796,133,1147832,191786,1
1734,2500428,817,167,1178114,240814,1
1642,2367764,847,146,1221374,210532,1
2014,2904188,865,0,1247330,0,1
1715,2473030,868,221,1251656,318682,1
1388,2001496,870,42,1253140,59182,1
2082,3002244,870,650,1254540,937300,1
1304,1880368,784,201,1130528,289842,1
2082,3002244,868,56,1251656,80752,1
1303,1878926,787,231,1134854,333102,1
2050,2956100,866,463,1248772,667646,1
1145,1651090,767,106,1106014,152852,1
2082,3002244,870,532,1253140,765762,1
1564,2255288,786,275,1133412,396550,1
1679,2421118,813,0,1172346,0,1
1379,1988518,814,0,1173788,0,1
1650,2379300,785,499,1131970,719558,1
1688,2434096,726,83,1046892,119686,1
1625,2343250,736,363,1061312,523446,1
1564,2255288,871,24,1254582,33226,1
1654,2385068,870,91,1254540,131222,1
1736,2503312,869,370,1253098,533540,1
1734,2500428,876,22,1263192,31724,1
1315,1896230,744,53,1072848,76426,1
1425,2054850,706,444,1018052,640248,1
1734,2500428,869,38,1253098,54796,1
1539,2219238,676,99,973392,141376,1
1623,2340366,786,51,1133412,73542,1
1734,2500428,868,60,1251656,86520,1
1736,2503312,869,305,1253098,439810,1
1613,2325946,777,506,1120434,729652,1
1735,2501870,871,198,1255982,285516,1
1647,2374974,785,100,1131970,144200,1
1647,2374974,867,213,1250214,307146,1
1724,2486008,871,18,1254582,24574,1
1585,2285570,795,77,1146390,111034,1
1565,2256730,869,36,1253098,51912,1
1479,2132718,708,386,1020936,556612,1
1352,1949584,692,264,997864,380688,1
1725,2487450,786,227,1132012,325952,1
1480,2134160,784,356,1130528,513352,1
1600,2307200,696,274,1003632,395108,1
1811,2611462,786,179,1133412,258118,1
1303,1878926,809,232,1166578,334544,1
1848,2664816,769,282,1107498,405262,1
1541,2222122,778,92,1121876,132664,1
1551,2236542,781,271,1126202,390782,1
1624,2341808,843,135,1215606,194670,1
1420,2047640,798,0,1150716,0,1
1423,2051966,700,119,1008000,170216,1
1525,2199050,803,157,1157926,226394,1
1520,2191840,807,191,1163694,275422,1
1650,2379300,872,373,1257424,537866,1
1735,2501870,786,57,1133412,82194,1
1504,2168768,808,370,1163736,532158,1
1651,2380742,870,120,1254540,173040,1
1641,2366322,784,312,1130528,449904,1
1623,2340366,895,331,1290590,477302,1
1187,1711654,660,322,951720,464324,1
1642,2367764,778,231,1120476,331720,1
1516,2186072,586,91,845012,131222,1
1659,2392278,751,145,1082942,209090,1
1240,1788080,782,157,1127644,226394,1
1788,2578296,671,176,967582,253792,1
1734,2500428,870,99,1253140,141376,1
1298,1871716,653,311,941626,448462,1
1516,2186072,801,124,1155042,178808,1
1562,2252404,783,53,1129086,76426,1
1279,1844318,641,96,924322,138432,1
1489,2147138,870,255,1254540,367710,1
1622,2338924,870,419,1253140,602816,1
1562,2252404,782,0,1127644,0,1
1736,2503312,870,0,1254540,0,1
1612,2324504,809,0,1166578,0,1
1736,2503312,870,5,1254540,7210,1
1734,2500428,872,203,1256024,291344,1
1628,2347576,817,332,1178114,478744,1
1597,2302874,786,176,1133412,253792,1
1837,2648954,804,417,1159368,601314,1
1436,2070712,825,138,1189650,198996,1
1817,2620114,840,152,1209880,217802,1
1545,2227890,871,119,1255982,171598,1
1688,2434096,872,85,1257424,122570,1
1387,2000054,870,379,1254540,546518,1
1826,2633092,871,7,1255982,10094,1
1444,2082248,666,141,958972,201940,1
1649,2377858,784,159,1130528,229278,1
1639,2363438,855,556,1232910,801752,1
1666,2402372,835,483,1204070,696486,1
1734,2500428,869,284,1253098,409528,1
1614,2327388,792,115,1140664,164448,1
1657,2389394,839,126,1209838,181692,1
1711,2467262,868,454,1251656,654668,1
1642,2367764,785,323,1131970,465766,1
1558,2246636,775,253,1117550,364826,1
1535,2213470,765,186,1103130,268212,1
1592,2295664,861,137,1241562,197554,1
1307,1884694,644,98,928648,141316,1
1560,2249520,741,111,1068522,160062,1
1649,2377858,827,182,1191134,261062,1
1437,2072154,679,197,979118,284074,1
1312,1891904,700,175,1009400,252350,1
1734,2500428,873,493,1258866,710906,1
1582,2281244,721,198,1039682,285516,1
1579,2276918,713,178,1028146,256676,1
1486,2142812,724,170,1044008,245140,1
1695,2444190,805,356,1160810,513352,1
1165,1679930,787,126,1134854,181692,1
1870,2696540,788,1,1134896,60,1
1136,1638112,788,0,1136296,0,1
1742,2511964,788,161,1136296,232162,1
1196,1724632,678,354,977676,510468,1
1649,2377858,784,348,1130528,501816,1
1699,2449958,610,71,879620,102382,1
1218,1756356,687,333,990654,480186,1
1884,2716728,803,11,1157926,15862,1
1736,2503312,871,143,1255982,206206,1
1731,2496102,870,174,1253140,249526,1
1653,2383626,784,259,1130528,373478,1
1649,2377858,786,200,1133412,288400,1
1720,2480240,870,85,1254540,122570,1
1735,2501870,870,177,1254540,255234,1
1649,2377858,873,519,1258866,748398,1
1721,2481682,870,363,1254540,523446,1
1736,2503312,869,61,1253098,87962,1
1711,2467262,846,138,1219932,198996,1
1733,2498986,874,436,1258908,627330,1
1708,2462936,870,312,1254540,449904,1
1736,2503312,870,308,1254540,444136,1
1733,2498986,868,93,1251656,134106,1
1736,2503312,870,249,1254540,359058,1
1735,2501870,870,32,1254540,46144,1
1651,2380742,870,0,1254540,0,1
1536,2214912,766,0,1104572,0,1
1690,2436980,848,0,1222816,0,1
1736,2503312,870,1,1253140,60,1
1700,2451400,852,3,1228584,4326,1
1734,2500428,870,173,1254540,249466,1
1725,2487450,868,191,1251656,275422,1
1687,2432654,847,113,1221374,162946,1
1708,2462936,857,201,1235794,289842,1
1697,2447074,843,279,1215606,402318,1
1701,2452842,856,177,1234352,255234,1
1721,2481682,862,290,1243004,418180,1
1734,2500428,870,305,1253140,438428,1
1736,2503312,870,130,1254540,187460,1
1736,2503312,869,113,1253098,162946,1
1734,2500428,871,42,1255982,60564,1
1736,2503312,870,0,1254540,0,1
1736,2503312,869,45,1253098,64890,1
1734,2500428,869,38,1253098,54796,1
1714,2471588,870,173,1254540,249466,1
1736,2503312,870,292,1253140,419682,1
1733,2498986,869,211,1253098,304262,1
1705,2458610,854,77,1231468,111034,1
1735,2501870,870,105,1254540,151410,1
1646,2373532,783,27,1129086,38934,1
1736,2503312,872,390,1256024,560998,1
1657,2389394,870,91,1254540,131222,1
1734,2500428,869,16,1253098,23072,1
1734,2500428,877,0,1264634,0,1
1650,2379300,784,0,1130528,0,1
1734,2500428,870,287,1253140,412472,1
1734,2500428,869,285,1253098,410970,1
1693,2441306,869,126,1253098,181692,1
1784,2572528,785,130,1131970,187460,1
1567,2259614,870,248,1254540,357616,1
1648,2376416,857,408,1234394,586954,1
1675,2415350,869,55,1253098,79310,1
1735,2501870,879,47,1267518,67774,1
1733,2498986,869,3,1253098,4326,1
1735,2501870,870,124,1253140,177426,1
1735,2501870,869,42,1253098,60564,1
1721,2481682,869,3,1253098,4326,1
1736,2503312,870,85,1254540,122570,1
1735,2501870,870,460,1254540,663320,1
1718,2477356,852,35,1227184,49088,1
1734,2500428,869,5,1253098,7210,1
1734,2500428,847,82,1221374,118244,1
1668,2405256,829,0,1195418,0,1
1696,2445632,835,0,1204070,0,1
1735,2501870,872,14,1256024,18806,1
1734,2500428,871,523,1255982,754166,1
1660,2393720,794,689,1144948,993538,1
1735,2501870,869,36,1253098,51912,1
1652,2382184,786,10,1132012,13038,1
1674,2413908,809,26,1166578,37492,1
1736,2503312,870,0,1254540,0,1
1735,2501870,872,0,1257424,0,1
1735,2501870,872,0,1257424,0,1
1735,2501870,874,1,1258908,60,1
1735,2501870,872,23,1257424,33166,1
1650,2379300,784,74,1130528,106708,1
1737,2504754,869,398,1253098,573916,1
1649,2377858,784,137,1130528,197554,1
1763,2542246,871,139,1254582,199056,1
1530,2206260,871,0,1255982,0,1
1588,2289896,800,0,1153600,0,1
1665,2400930,872,0,1257424,0,1
1734,2500428,871,43,1254582,60624,1
1694,2442748,827,412,1192534,594104,1
1734,2500428,869,33,1253098,47586,1
1541,2222122,730,39,1052660,56238,1
1734,2500428,792,278,1142064,400876,1
1390,2004380,729,142,1049818,203382,1
1736,2503312,869,111,1253098,160062,1
1515,2184630,720,190,1038240,273980,1
1473,2124066,696,147,1003632,211974,1
1491,2150022,694,126,1000748,181692,1
1736,2503312,803,199,1156526,285576,1
1460,2105320,542,128,781564,184576,1
1565,2256730,784,340,1130528,490280,1
87774,126570108,43674,10551,62966708,15203486,1
1752,2526384,810,184,1168020,265328,1
1249,1801058,777,136,1120434,196112,1
1782,2569644,727,294,1048334,423948,1
1488,2145696,767,78,1106014,112476,1
1552,2237984,784,95,1130528,136990,1
1592,2295664,851,168,1225742,240874,1
1662,2396604,774,270,1116108,389340,1
1172,1690024,753,197,1085826,284074,1
1479,2132718,700,191,1009400,275422,1
1414,2038988,709,89,1022378,128338,1
1597,2302874,786,136,1133412,196112,1
1880,2710960,771,1,1110382,60,1
1482,2137044,702,0,1012284,0,1
1216,1753472,786,0,1133412,0,1
2033,2931586,827,0,1192534,0,1
1734,2500428,870,0,1254540,0,1
1445,2083690,701,9,1010842,12978,1
1480,2134160,787,92,1133454,131282,1
1584,2284128,802,419,1156484,604198,1
1546,2229332,869,45,1253098,64890,1
1736,2503312,920,594,1326640,856548,1
1426,2056292,812,31,1170904,44702,1
1675,2415350,788,30,1136296,43260,1
1649,2377858,785,0,1131970,0,1
1736,2503312,876,56,1261792,79370,1
1479,2132718,717,95,1033914,136990,1
1481,2135602,744,233,1072848,335986,1
1622,2338924,873,383,1258866,552286,1
1818,2621556,701,405,1010842,584010,1
1558,2246636,762,183,1098804,263886,1
1655,2386510,871,50,1254582,70718,1
1453,2095226,701,290,1010842,418180,1
1466,2113972,711,346,1025262,498932,1
1383,1994286,652,10,940184,14420,1
1481,2135602,784,306,1130528,441252,1
1429,2060618,716,165,1032472,237930,1
1734,2500428,871,9,1253182,10214,1
1559,2248078,787,206,1134854,297052,1
1656,2387952,792,182,1142064,262444,1
1578,2275476,837,220,1206954,317240,1
1713,2470146,867,55,1250214,79310,1
1735,2501870,870,197,1254540,284074,1
1736,2503312,869,9,1251698,11596,1
1735,2501870,869,45,1253098,64890,1
1736,2503312,869,256,1253098,369152,1
1736,2503312,870,734,1254540,1058428,1
1735,2501870,872,326,1257424,470092,1
1735,2501870,869,65,1253098,93730,1
1734,2500428,870,52,1253140,73602,1
1716,2474472,850,33,1225700,47586,1
1660,2393720,797,0,1149274,0,1
1736,2503312,870,0,1254540,0,1
1734,2500428,869,1,1253098,1442,1
1734,2500428,869,39,1253098,56238,1
1732,2497544,868,56,1250256,79370,1
1619,2334598,813,93,1172346,134106,1
1564,2255288,699,61,1007958,87962,1
1735,2501870,869,12,1253098,17304,1
1734,2500428,870,31,1254540,44702,1
1650,2379300,786,4,1133412,5768,1
1734,2500428,871,0,1255982,0,1
1551,2236542,776,1,1117592,60,1
1735,2501870,871,0,1255982,0,1
1735,2501870,869,0,1253098,0,1
1730,2494660,872,0,1257424,0,1
1735,2501870,872,8,1257424,11536,1
1731,2496102,869,72,1253098,103824,1
1734,2500428,872,79,1256024,112536,1
1396,2013032,700,585,1009400,843570,1
1734,2500428,869,210,1253098,302820,1
1566,2258172,709,328,1022378,472976,1
1429,2060618,707,64,1019494,92288,1
1651,2380742,868,288,1250256,413914,1
1652,2382184,760,188,1095920,271096,1
1350,1946700,771,82,1111782,118244,1
1668,2405256,655,274,944510,395108,1
1451,2092342,769,312,1108898,449904,1
1710,2465820,817,30,1178114,43260,1
1662,2396604,871,141,1254582,201940,1
1736,2503312,869,424,1253098,611408,1
1650,2379300,870,249,1254540,359058,1
1596,2301432,799,210,1152158,302820,1
1479,2132718,699,176,1007958,253792,1
1631,2351902,783,164,1129086,236488,1
1431,2063502,655,104,943110,148586,1
1666,2402372,825,24,1189650,34608,1
1691,2438422,862,170,1243004,245140,1
1569,2262498,749,233,1080058,335986,1
1706,2460052,869,357,1253098,514794,1
1557,2245194,786,192,1133412,276864,1
1395,2011590,701,151,1009442,216360,1
1357,1956794,772,99,1113224,142758,1
1392,2007264,757,85,1091594,122570,1
1420,2047640,677,208,976234,299936,1
1751,2524942,864,267,1245888,385014,1
1735,2501870,836,151,1205512,217742,1
1540,2220680,846,382,1218532,549462,1
1642,2367764,870,40,1254540,57680,1
1565,2256730,784,45,1130528,64890,1
1734,2500428,872,19,1257424,27398,1
1736,2503312,872,0,1257424,0,1
1683,2426886,864,355,1245888,511910,1
1651,2380742,870,278,1253140,399494,1
1702,2454284,852,315,1228584,454230,1
1733,2498986,869,269,1253098,387898,1
1619,2334598,870,253,1254540,364826,1
1708,2462936,873,477,1258866,687834,1
1256,1811152,702,0,1012284,0,1
1405,2026010,565,2,813330,1502,1
1704,2457168,756,146,1090152,210532,1
1728,2491776,868,99,1251656,142758,1
1733,2498986,869,190,1253098,273980,1
1734,2500428,869,140,1253098,201880,1
1736,2503312,870,82,1253140,116862,1
1734,2500428,869,44,1253098,63448,1
1716,2474472,870,4,1254540,5768,1
1639,2363438,771,34,1111782,49028,1
1512,2180304,758,291,1093036,419622,1
1612,2324504,823,185,1186766,266770,1
1538,2217796,689,275,992138,396550,1
1474,2125508,716,115,1032472,164448,1
1654,2385068,869,171,1253098,246582,1
1887,2721054,869,18,1253098,25956,1
1685,2429770,874,109,1260308,157178,1
1734,2500428,951,182,1369942,261062,1
1736,2503312,892,180,1286264,259560,1
1649,2377858,849,0,1224258,0,1
1736,2503312,872,0,1257424,0,1
1606,2315852,741,136,1068522,196112,1
1735,2501870,870,122,1253140,174542,1
1649,2377858,784,51,1130528,73542,1
1564,2255288,868,9,1251656,12978,1
1734,2500428,869,56,1253098,80752,1
1735,2501870,870,5,1253140,5828,1
1651,2380742,869,10,1253098,14420,1
1736,2503312,869,424,1253098,611408,1
1736,2503312,870,639,1254540,921438,1
1734,2500428,869,428,1253098,617176,1
1736,2503312,872,1,1256024,60,1
1734,2500428,870,75,1254540,108150,1
1650,2379300,871,379,1255982,546518,1
1736,2503312,869,657,1253098,947394,1
1734,2500428,870,596,1254540,859432,1
1733,2498986,869,116,1251698,165890,1
1734,2500428,869,170,1253098,245140,1
1735,2501870,869,402,1253098,579684,1
1662,2396604,871,143,1255982,206206,1
1734,2500428,870,91,1253140,129840,1
1642,2367764,854,173,1231468,249466,1
2014,2904188,808,0,1165136,0,1
1715,2473030,850,131,1225700,188902,1
1388,2001496,869,677,1253098,976234,1
2082,3002244,871,102,1254582,145702,1
1304,1880368,869,181,1253098,261002,1
2082,3002244,869,54,1253098,77868,1
1303,1878926,871,97,1255982,139874,1
2050,2956100,821,21,1183882,30282,1
1145,1651090,743,426,1068606,611528,1
2082,3002244,869,81,1253098,116802,1
1564,2255288,786,266,1133412,383572,1
1679,2421118,870,0,1254540,0,1
1379,1988518,786,124,1132012,177426,1
1650,2379300,870,123,1254540,177366,1
1688,2434096,815,83,1175230,119686,1
1625,2343250,882,163,1271844,235046,1
1564,2255288,785,283,1131970,408086,1
1654,2385068,789,18,1136338,24574,1
1736,2503312,869,141,1253098,203322,1
1734,2500428,791,79,1140622,113918,1
1315,1896230,661,288,953162,415296,1
1425,2054850,723,93,1042566,134106,1
1734,2500428,870,140,1253140,200498,1
1539,2219238,869,60,1253098,86520,1
1623,2340366,841,177,1212722,255234,1
1734,2500428,868,584,1251656,842128,1
1736,2503312,870,300,1253140,431218,1
1613,2325946,844,47,1217048,67774,1
1735,2501870,871,381,1255982,549402,1
1647,2374974,871,159,1255982,229278,1
1647,2374974,783,67,1129086,96614,1
1724,2486008,860,32,1240120,46144,1
1585,2285570,795,182,1146390,262444,1
1565,2256730,698,16,1006516,23072,1
1479,2132718,750,153,1080100,219244,1
1352,1949584,692,310,997864,447020,1
1725,2487450,776,117,1118992,168714,1
1480,2134160,868,206,1251656,297052,1
1600,2307200,871,303,1255982,436926,1
1811,2611462,786,217,1133412,312914,1
1303,1878926,719,179,1036798,258118,1
1848,2664816,848,225,1221416,323068,1
1541,2222122,765,153,1103130,220626,1
1551,2236542,774,222,1116108,320124,1
1624,2341808,842,149,1214164,214858,1
1420,2047640,713,0,1028146,0,1
1423,2051966,729,129,1051218,186018,1
1525,2199050,729,251,1051218,361942,1
1520,2191840,724,55,1044008,79310,1
1650,2379300,788,104,1134896,148586,1
1735,2501870,785,124,1131970,178808,1
1504,2168768,869,141,1253098,203322,1
1651,2380742,785,393,1131970,566706,1
1641,2366322,860,209,1240120,301378,1
1623,2340366,747,241,1077174,347522,1
1187,1711654,595,203,857990,292726,1
1642,2367764,870,104,1253140,148586,1
1516,2186072,739,164,1065638,236488,1
1659,2392278,842,261,1214164,376362,1
1240,1788080,761,455,1097362,656110,1
1788,2578296,771,383,1111782,552286,1
1734,2500428,868,206,1251656,297052,1
1298,1871716,652,133,940184,191786,1
1516,2186072,717,132,1033914,190344,1
1562,2252404,784,451,1129128,648960,1
1279,1844318,741,73,1068522,105266,1
1489,2147138,707,217,1019494,312914,1
1622,2338924,754,59,1087268,85078,1
1562,2252404,784,0,1130528,0,1
1736,2503312,870,0,1254540,0,1
1612,2324504,809,0,1166578,0,1
1736,2503312,871,65,1254582,92348,1
1734,2500428,871,646,1255982,931532,1
1628,2347576,784,488,1130528,703696,1
1597,2302874,827,534,1192534,770028,1
1837,2648954,784,54,1130528,77868,1
1436,2070712,830,159,1196860,229278,1
1817,2620114,795,328,1146390,472976,1
1545,2227890,683,396,984886,571032,1
1688,2434096,788,7,1134896,8712,1
1387,2000054,871,48,1255982,69216,1
1826,2633092,615,286,886830,412412,1
1444,2082248,785,401,1131970,578242,1
1649,2377858,869,276,1253098,397992,1
1639,2363438,784,170,1130528,245140,1
1666,2402372,835,164,1204070,236488,1
1734,2500428,870,140,1253140,200498,1
1614,2327388,813,310,1172346,447020,1
1657,2389394,823,424,1186766,611408,1
1711,2467262,848,114,1222816,164388,1
1642,2367764,862,91,1243004,131222,1
1558,2246636,784,203,1130528,292726,1
1535,2213470,776,115,1118992,165830,1
1592,2295664,733,110,1056986,158620,1
1307,1884694,666,67,958972,95232,1
1560,2249520,826,96,1191092,138432,1
1649,2377858,826,74,1191092,106708,1
1437,2072154,764,103,1101688,148526,1
1312,1891904,614,133,885388,191786,1
1734,2500428,874,123,1258908,175984,1
1582,2281244,863,254,1244446,366268,1
1579,2276918,869,275,1253098,396550,1
1486,2142812,661,92,953162,132664,1
1695,2444190,890,210,1283380,302820,1
1165,1679930,733,181,1055586,259620,1
1870,2696540,743,0,1071406,0,1
1136,1638112,703,0,1013726,0,1
1742,2511964,587,111,846454,160062,1
1196,1724632,873,195,1258866,281190,1
1649,2377858,869,152,1253098,219184,1
1699,2449958,743,102,1070006,145702,1
1218,1756356,873,111,1258866,160062,1
1884,2716728,758,92,1093036,132664,1
1736,2503312,871,408,1255982,588336,1
1731,2496102,869,189,1253098,272538,1
1653,2383626,870,119,1253140,170216,1
1649,2377858,871,408,1255982,588336,1
1720,2480240,855,88,1232910,126896,1
1735,2501870,870,126,1254540,181692,1
1649,2377858,787,142,1134854,204764,1
1721,2481682,856,149,1232952,213476,1
1736,2503312,870,177,1254540,255234,1
1711,2467262,869,275,1253098,396550,1
1733,2498986,874,164,1260308,236488,1
1708,2462936,843,322,1215606,464324,1
1736,2503312,871,264,1255982,380688,1
1733,2498986,870,270,1253140,387958,1
1736,2503312,869,303,1253098,436926,1
1735,2501870,871,330,1255982,475860,1
1651,2380742,784,0,1130528,0,1
1536,2214912,777,0,1120434,0,1
1690,2436980,848,1,1221416,60,1
1736,2503312,869,0,1253098,0,1
1700,2451400,852,3,1228584,4326,1
1734,2500428,870,280,1254540,403760,1
1725,2487450,856,405,1234352,584010,1
1687,2432654,842,206,1214164,297052,1
1708,2462936,862,184,1241604,263946,1
1697,2447074,848,224,1222816,323008,1
1701,2452842,859,285,1238678,410970,1
1721,2481682,864,227,1245888,327334,1
1734,2500428,869,244,1253098,351848,1
1736,2503312,871,188,1254582,269714,1
1736,2503312,869,165,1253098,237930,1
1734,2500428,871,21,1255982,30282,1
1736,2503312,870,0,1254540,0,1
1736,2503312,869,259,1253098,373478,1
1734,2500428,870,469,1253140,674916,1
1714,2471588,848,267,1222816,385014,1
1736,2503312,869,30,1253098,43260,1
1733,2498986,868,41,1251656,59122,1
1705,2458610,856,169,1232952,242316,1
1735,2501870,870,92,1254540,132664,1
1646,2373532,868,35,1251656,50470,1
1736,2503312,871,111,1255982,160062,1
1657,2389394,791,478,1140622,689276,1
1734,2500428,871,150,1254582,214918,1
1734,2500428,876,0,1263192,0,1
1650,2379300,870,18,1254540,25956,1
1734,2500428,869,13,1253098,18746,1
1734,2500428,870,129,1253140,184636,1
1693,2441306,825,133,1189650,191786,1
1784,2572528,789,31,1137738,44702,1
1567,2259614,663,0,956046,0,1
1648,2376416,942,11,1356964,14480,1
1675,2415350,809,34,1166578,49028,1
1735,2501870,879,146,1267518,210532,1
1733,2498986,868,845,1251656,1218490,1
1735,2501870,869,355,1251698,510528,1
1735,2501870,869,32,1253098,46144,1
1721,2481682,857,261,1235794,376362,1
1736,2503312,870,505,1254540,728210,1
1735,2501870,870,167,1253140,239432,1
1718,2477356,869,13,1253098,18746,1
1734,2500428,869,5,1253098,7210,1
1734,2500428,870,33,1254540,47586,1
1668,2405256,873,1,1257466,60,1
1696,2445632,873,0,1258866,0,1
1735,2501870,871,4,1255982,5768,1
1734,2500428,870,72,1254540,103824,1
1660,2393720,869,54,1253098,77868,1
1735,2501870,870,335,1253140,481688,1
1652,2382184,870,397,1254540,572474,1
1674,2413908,869,283,1253098,408086,1
1736,2503312,871,0,1255982,0,1
1735,2501870,873,1,1257466,60,1
1735,2501870,871,0,1255982,0,1
1735,2501870,874,0,1260308,0,1
1735,2501870,872,655,1257424,944510,1
1650,2379300,870,541,1253140,778740,1
1737,2504754,869,130,1253098,187460,1
1649,2377858,869,30,1253098,43260,1
1763,2542246,681,25,982002,36050,1
1530,2206260,666,2,957572,120,1
1588,2289896,804,0,1159368,0,1
1665,2400930,872,0,1257424,0,1
1734,2500428,868,60,1251656,86520,1
1694,2442748,869,93,1253098,134106,1
1734,2500428,871,394,1254582,566766,1
1541,2222122,814,641,1173788,924322,1
1734,2500428,794,21,1144948,30282,1
1390,2004380,668,98,963256,141316,1
1736,2503312,870,255,1253140,366328,1
1515,2184630,799,274,1152158,395108,1
1473,2124066,781,229,1126202,330218,1
1491,2150022,937,334,1351154,481628,1
1736,2503312,803,206,1156526,295670,1
1460,2105320,902,149,1300684,214858,1
1565,2256730,870,497,1254540,716674,1
44023,63230300,199,34,34692,5835,0
803,1157926,0,0,0,0,0
624,899808,0,0,0,0,0
757,1091594,0,0,0,0,0
689,993538,0,0,0,0,0
773,1114666,0,0,0,0,0
831,1108474,68,0,8228,0,0
822,1185324,0,2,0,242,0
465,670530,0,0,0,0,0
695,1002190,0,0,0,0,0
698,1006516,0,0,0,0,0
782,1127644,0,0,0,0,0
855,1232910,0,0,0,0,0
884,1132540,102,0,4896,0,0
624,899808,1,1,42,60,0
1034,1491028,0,0,0,0,0
867,1250214,0,0,0,0,0
867,1250214,0,0,0,0,0
575,829150,0,0,0,0,0
716,1032472,0,0,0,0,0
773,1114666,0,0,0,0,0
868,1251656,0,0,0,0,0
788,954046,159,0,14628,0,0
884,1242328,1,1,42,60,0
782,1127644,0,0,0,0,0
804,1159368,0,0,0,0,0
872,1138714,172,0,21156,0,0
900,1189642,0,1,0,123,0
866,1248772,0,1,0,123,0
947,1365574,0,0,0,0,0
733,924837,112,0,17808,0,0
909,1245345,42,0,6678,0,0
856,1234352,0,2,0,318,0
705,1016610,0,0,0,0,0
842,1088980,96,0,13248,0,0
698,1006516,1,16,42,2130,0
698,1006516,0,0,0,0,0
782,1127644,0,0,0,0,0
860,1240120,0,0,0,0,0
867,1250214,0,0,0,0,0
828,1193976,0,0,0,0,0
676,974792,0,0,0,0,0
867,1250214,0,0,0,0,0
868,1251656,0,0,0,0,0
900,1254696,71,0,6745,0,0
920,1256596,14,1,1277,60,0
868,1251656,0,3,0,285,0
867,1250214,0,0,0,0,0
920,1258364,52,0,6708,0,0
867,1250214,0,1,0,129,0
868,1251656,0,8,0,1032,0
867,1250214,0,0,0,0,0
868,1251656,0,0,0,0,0
867,1250214,0,0,0,0,0
782,1127644,0,0,0,0,0
866,1248772,0,0,0,0,0
810,1168020,0,0,0,0,0
885,1251456,18,0,1242,0,0
840,1211280,1,2,42,129,0
795,1146390,0,0,0,0,0
782,1127644,0,0,0,0,0
867,1250214,0,0,0,0,0
868,1251656,0,0,0,0,0
866,1248772,0,0,0,0,0
868,1251656,0,0,0,0,0
867,1250214,0,0,0,0,0
1067,1279715,199,0,28059,0,0
781,1126202,1,31,42,4290,0
867,1250214,0,0,0,0,0
862,1140146,79,0,11060,0,0
782,1127644,0,8,0,1120,0
835,1204070,0,0,0,0,0
628,905576,0,0,0,0,0
773,1114666,0,0,0,0,0
822,1185324,0,0,0,0,0
632,911344,0,0,0,0,0
1127,1341958,216,0,28296,0,0
868,1251656,1,35,42,4514,0
862,1243004,0,0,0,0,0
869,1253098,0,0,0,0,0
869,1251767,73,0,8103,0,0
869,1137301,15,0,1665,0,0
798,1150716,0,8,0,888,0
783,1129086,0,0,0,0,0
935,1193590,120,0,18360,0,0
709,1022378,1,1,42,60,0
826,1191092,0,0,0,0,0
825,1189650,0,0,0,0,0
783,1129086,0,0,0,0,0
868,1251656,0,0,0,0,0
778,1121876,0,0,0,0,0
868,1251656,0,0,0,0,0
693,999306,0,0,0,0,0
791,956762,215,0,37410,0,0
937,1262394,1,32,42,5454,0
1050,1195016,241,9,28438,1566,0
868,1251656,0,32,0,3776,0
867,1250214,0,0,0,0,0
906,1306452,0,0,0,0,0
868,1251656,0,0,0,0,0
867,1250214,0,0,0,0,0
868,1251656,0,0,0,0,0
826,1191092,0,0,0,0,0
868,1251656,0,0,0,0,0
851,1227142,0,0,0,0,0
867,1250214,0,0,0,0,0
726,999516,36,0,4536,0,0
765,1103130,1,4,42,438,0
756,1090152,0,0,0,0,0
867,1250214,0,0,0,0,0
851,1227142,0,0,0,0,0
781,1126202,0,0,0,0,0
781,1126202,0,0,0,0,0
867,1250214,0,0,0,0,0
868,1251656,0,0,0,0,0
867,1250214,0,0,0,0,0
779,1123318,0,0,0,0,0
855,1232910,0,0,0,0,0
777,1093848,21,0,3696,0,0
867,1250214,1,4,42,588,0
850,1225700,0,0,0,0,0
779,1123318,0,0,0,0,0
1070,1260948,202,0,9292,0,0
944,1361248,0,24,0,1104,0
873,1258866,0,0,0,0,0
867,1250214,0,0,0,0,0
977,1139149,195,0,11505,0,0
868,1251656,1,1,42,60,0
868,1251656,0,0,0,0,0
867,1250214,0,0,0,0,0
868,1251656,0,0,0,0,0
867,1250214,0,0,0,0,0
642,925764,0,0,0,0,0
640,922880,0,0,0,0,0
894,1254126,26,0,2470,0,0
868,1251656,1,1,42,60,0
868,1251656,0,0,0,0,0
875,1252860,85,0,14620,0,0
945,1263630,0,0,0,0,0
1055,1274654,188,0,24440,0,0
868,1251656,1,2,42,190,0
868,1251656,0,0,0,0,0
1066,1272303,199,0,22089,0,0
867,1250214,0,34,0,3774,0
783,1129086,0,0,0,0,0
781,1126202,0,0,0,0,0
868,1251656,0,0,0,0,0
868,1251656,0,0,0,0,0
856,1234352,0,0,0,0,0
586,845012,0,0,0,0,0
1127,1396546,172,0,19436,0,0
868,1251656,1,26,42,2885,0
693,999306,0,3,0,339,0
1041,1501122,0,0,0,0,0
695,1002190,0,0,0,0,0
1041,1501122,0,0,0,0,0
694,1000748,0,0,0,0,0
1040,1499680,0,0,0,0,0
534,770028,0,0,0,0,0
1025,1384900,69,0,6348,0,0
867,1250214,1,9,42,796,0
520,749840,0,0,0,0,0
598,862316,0,0,0,0,0
817,1178114,0,0,0,0,0
804,1159368,0,0,0,0,0
757,1091594,0,0,0,0,0
857,1235794,0,0,0,0,0
787,1134854,0,0,0,0,0
868,1251656,0,0,0,0,0
783,1127709,45,0,2925,0,0
770,1049752,1,1,42,60,0
704,1015168,0,15,0,975,0
842,1214164,0,0,0,0,0
846,1134812,64,0,7168,0,0
784,1130528,0,9,0,1008,0
867,1250214,0,0,0,0,0
939,1263939,206,0,35638,0,0
1014,1264224,22,1,3675,60,0
1071,1273174,203,12,21518,2076,0
867,1250214,0,59,0,6254,0
867,1250214,0,0,0,0,0
867,1250214,0,0,0,0,0
709,1022378,0,0,0,0,0
612,882504,0,0,0,0,0
697,1005074,0,0,0,0,0
738,1064196,0,0,0,0,0
858,1237236,0,0,0,0,0
815,1014750,118,0,9676,0,0
801,1155042,1,20,42,1618,0
910,1312220,0,0,0,0,0
666,960372,0,0,0,0,0
957,1379994,0,0,0,0,0
814,1005185,129,0,17415,0,0
778,1121876,0,24,0,3240,0
998,1257148,136,0,14144,0,0
795,1146390,1,1,42,60,0
697,1005074,0,0,0,0,0
867,1250214,0,0,0,0,0
717,1033914,0,0,0,0,0
867,1250214,0,0,0,0,0
808,1165136,0,0,0,0,0
721,1039682,0,0,0,0,0
783,1129086,0,0,0,0,0
775,1117550,0,0,0,0,0
769,1108898,0,0,0,0,0
615,886830,0,0,0,0,0
768,980856,100,0,17600,0,0
703,1013726,1,9,42,1468,0
772,1113224,0,0,0,0,0
456,657552,0,0,0,0,0
943,1359806,0,0,0,0,0
867,1250214,0,0,0,0,0
799,1150842,7,0,882,0,0
782,927612,147,1,18438,60,0
782,1127644,0,44,0,5544,0
692,997864,0,0,0,0,0
791,1140622,0,0,0,0,0
737,1062754,0,0,0,0,0
849,1224258,0,0,0,0,0
868,1251656,0,0,0,0,0
806,1162252,0,0,0,0,0
868,1251656,0,0,0,0,0
1100,1284931,233,0,34717,0,0
866,1248772,1,124,42,18387,0
868,1251656,0,0,0,0,0
787,1134854,0,0,0,0,0
721,1039682,0,0,0,0,0
954,1375668,0,0,0,0,0
834,1202628,0,0,0,0,0
825,1189650,0,0,0,0,0
689,993538,0,0,0,0,0
1142,1408870,186,0,30318,0,0
550,793100,1,66,42,10655,0
782,1127644,0,0,0,0,0
770,1110340,0,0,0,0,0
831,1198302,0,0,0,0,0
823,1186766,0,0,0,0,0
1043,1199132,226,0,21018,0,0
867,1250214,0,27,0,2511,0
846,1219932,0,0,0,0,0
774,1116108,0,0,0,0,0
783,1129086,0,0,0,0,0
845,1218490,0,0,0,0,0
942,1068774,210,0,13230,0,0
727,1048334,1,28,42,1761,0
822,1185324,0,0,0,0,0
868,1251656,0,0,0,0,0
728,1049776,0,0,0,0,0
528,761376,0,0,0,0,0
782,1127644,0,0,0,0,0
760,1095920,0,0,0,0,0
1053,1171042,251,0,14558,0,0
786,1133412,0,26,0,1508,0
865,1247330,0,0,0,0,0
695,1002190,0,0,0,0,0
956,1378552,0,0,0,0,0
611,881062,0,0,0,0,0
787,1134854,0,0,0,0,0
445,641690,0,0,0,0,0
867,1250214,0,0,0,0,0
1037,1495354,0,0,0,0,0
695,1000790,7,0,294,0,0
887,1245454,19,1,798,60,0
868,1251656,0,8,0,336,0
866,1248772,0,0,0,0,0
784,1130528,0,0,0,0,0
867,1250214,0,0,0,0,0
852,1228584,0,0,0,0,0
867,1250214,0,0,0,0,0
868,1251656,0,0,0,0,0
935,1259495,108,0,12636,0,0
989,1265813,80,0,9360,0,0
867,1250214,0,16,0,1872,0
782,1127644,0,0,0,0,0
867,1250214,0,0,0,0,0
867,1250214,0,0,0,0,0
783,1129086,0,0,0,0,0
718,1035356,0,0,0,0,0
988,1253446,125,0,9000,0,0
868,1251656,1,1,42,60,0
858,1237236,0,0,0,0,0
759,1094478,0,0,0,0,0
868,1251656,0,0,0,0,0
851,1227142,0,0,0,0,0
867,1250214,0,0,0,0,0
866,1248772,0,0,0,0,0
842,1214164,0,0,0,0,0
853,1230026,0,0,0,0,0
850,1225700,0,0,0,0,0
997,1235026,146,0,7884,0,0
864,1245888,1,25,42,1356,0
867,1250214,0,0,0,0,0
868,1251656,0,0,0,0,0
1009,1265474,141,0,13818,0,0
867,1250214,0,0,0,0,0
868,1251656,0,0,0,0,0
868,1251656,0,0,0,0,0
867,1250214,0,0,0,0,0
868,1251656,0,0,0,0,0
868,1251656,0,0,0,0,0
867,1250214,0,0,0,0,0
993,1243182,164,0,15796,0,0
1011,1266054,121,3,13242,280,0
866,1248772,0,10,0,1100,0
784,1130528,0,0,0,0,0
758,1093036,0,0,0,0,0
812,1170904,0,0,0,0,0
867,1250214,0,0,0,0,0
868,1251656,0,0,0,0,0
965,1164562,168,0,15288,0,0
867,1250214,1,114,42,10343,0
828,1193976,0,0,0,0,0
864,1244591,12,0,1740,0,0
936,1091609,188,0,27260,0,0
788,1136296,0,0,0,0,0
791,1140622,0,0,0,0,0
867,1250214,0,0,0,0,0
923,1256826,55,0,5170,0,0
868,1251656,1,15,42,1376,0
867,1250214,0,0,0,0,0
782,1127644,0,0,0,0,0
782,1127644,0,0,0,0,0
868,1251656,0,0,0,0,0
867,1250214,0,0,0,0,0
868,1251656,0,0,0,0,0
867,1250214,0,0,0,0,0
831,1198302,0,0,0,0,0
1110,1292010,243,0,41796,0,0
867,1250214,1,1,42,60,0
866,1248772,0,0,0,0,0
868,1251656,0,0,0,0,0
1001,1260130,134,0,9916,0,0
783,1129086,0,8,0,592,0
868,1251656,0,0,0,0,0
868,1251656,0,0,0,0,0
867,1250214,0,0,0,0,0
868,1251656,0,0,0,0,0
867,1250214,0,0,0,0,0
867,1250214,0,0,0,0,0
868,1251656,0,0,0,0,0
869,1253098,0,0,0,0,0
867,1250214,0,0,0,0,0
936,1349712,0,0,0,0,0
916,1258376,48,0,6720,0,0
868,1250311,35,1,3340,60,0
900,1253415,0,0,0,0,0
866,1248772,0,2,0,194,0
868,1251656,0,0,0,0,0
782,1127644,0,0,0,0,0
845,1218490,0,0,0,0,0
863,1244446,0,0,0,0,0
810,1168020,0,0,0,0,0
868,1251656,0,0,0,0,0
750,1039612,85,0,11305,0,0
640,853503,1,1,42,60,0
867,1250214,0,14,0,1862,0
759,1094478,0,0,0,0,0
867,1250214,0,0,0,0,0
975,1180190,166,0,13612,0,0
44023,63230300,43813,8319,63167146,11984942,1
803,1157926,748,104,1078616,149968,1
624,899808,709,56,1022378,80752,1
757,1091594,681,160,982002,230720,1
689,993538,681,98,982002,141316,1
773,1114666,778,34,1121876,49028,1
831,1108474,765,198,1101730,284134,1
822,1185324,815,143,1175230,206206,1
465,670530,590,149,850780,214858,1
695,1002190,698,319,1006516,459998,1
698,1006516,742,199,1069964,286958,1
782,1127644,700,115,1009400,165830,1
855,1232910,770,0,1110340,0,1
884,1132540,785,0,1131970,0,1
624,899808,801,1,1153642,60,1
1034,1491028,864,0,1245888,0,1
867,1250214,870,49,1254540,70658,1
867,1250214,871,671,1255982,967582,1
575,829150,579,709,834918,1022378,1
716,1032472,717,142,1033914,204764,1
773,1114666,868,273,1251656,393666,1
868,1251656,826,233,1191092,335986,1
788,954046,744,475,1071448,683568,1
884,1242328,784,63,1130528,90846,1
782,1127644,785,0,1131970,0,1
804,1159368,810,16,1168020,23072,1
872,1138714,803,47,1157926,67774,1
900,1189642,864,154,1245888,222068,1
866,1248772,873,57,1258866,82194,1
947,1365574,777,84,1120434,121128,1
733,924837,635,118,914270,168774,1
909,1245345,860,225,1240120,324450,1
856,1234352,860,153,1240120,220626,1
705,1016610,708,78,1020936,112476,1
842,1088980,749,199,1080058,286958,1
698,1006516,699,109,1007958,157178,1
698,1006516,700,168,1009400,242256,1
782,1127644,784,328,1130528,472976,1
860,1240120,861,55,1240162,77928,1
867,1250214,870,216,1254540,311472,1
828,1193976,814,520,1173788,749840,1
676,974792,692,487,997864,702254,1
867,1250214,870,140,1254540,201880,1
868,1251656,868,41,1251656,59122,1
900,1254696,869,232,1253098,334544,1
920,1256596,869,344,1253098,496048,1
868,1251656,871,36,1254582,50530,1
867,1250214,872,272,1257424,392224,1
920,1258364,869,403,1253098,581126,1
867,1250214,869,130,1253098,187460,1
868,1251656,870,201,1254540,289842,1
867,1250214,871,0,1255982,0,1
868,1251656,869,0,1253098,0,1
867,1250214,870,5,1254540,7210,1
782,1127644,785,54,1130570,76486,1
866,1248772,867,25,1250214,36050,1
810,1168020,813,552,1172346,795984,1
885,1251456,870,218,1254540,314356,1
840,1211280,842,54,1214164,77868,1
795,1146390,798,308,1150716,444136,1
782,1127644,786,25,1133412,36050,1
867,1250214,871,0,1255982,0,1
868,1251656,872,0,1257424,0,1
866,1248772,872,0,1257424,0,1
868,1251656,870,1,1253140,60,1
867,1250214,872,0,1257424,0,1
1067,1279715,872,14,1257424,20188,1
781,1126202,784,97,1130528,139874,1
867,1250214,871,203,1255982,292726,1
862,1140146,785,43,1131970,62006,1
782,1127644,784,198,1130528,285516,1
835,1204070,760,110,1095920,158620,1
628,905576,626,105,902692,151410,1
773,1114666,856,145,1232952,207708,1
822,1185324,757,192,1091594,276864,1
632,911344,700,133,1009400,191786,1
1127,1341958,865,72,1247330,103824,1
868,1251656,862,156,1243004,224952,1
862,1243004,864,117,1245888,168714,1
869,1253098,870,139,1254540,200438,1
869,1251767,870,133,1254540,191786,1
869,1137301,784,244,1130528,351848,1
798,1150716,799,260,1152158,374920,1
783,1129086,786,175,1132012,250968,1
935,1193590,783,505,1129086,728210,1
709,1022378,681,38,982002,54796,1
826,1191092,828,25,1193976,36050,1
825,1189650,827,169,1192534,243698,1
783,1129086,786,216,1133412,311472,1
868,1251656,869,104,1253098,149968,1
778,1121876,781,274,1126202,395108,1
868,1251656,870,287,1254540,413854,1
693,999306,747,338,1075774,486014,1
791,956762,691,185,996422,266770,1
937,1262394,870,223,1254540,321566,1
1050,1195016,783,256,1129086,369152,1
868,1251656,921,331,1328082,477302,1
867,1250214,871,142,1255982,204764,1
906,1306452,869,306,1253098,441252,1
868,1251656,869,344,1253098,496048,1
867,1250214,872,40,1257424,57680,1
868,1251656,872,0,1257424,0,1
826,1191092,824,230,1186808,330278,1
868,1251656,869,229,1253098,330218,1
851,1227142,851,465,1227142,670530,1
867,1250214,804,408,1159368,588336,1
726,999516,757,140,1091594,201880,1
765,1103130,677,29,976234,41818,1
756,1090152,872,0,1257424,0,1
867,1250214,820,24,1182440,34608,1
851,1227142,740,573,1067080,826266,1
781,1126202,787,296,1133454,425450,1
781,1126202,784,389,1130528,560938,1
867,1250214,869,243,1253098,350406,1
868,1251656,869,97,1253098,139874,1
867,1250214,869,35,1253098,50470,1
779,1123318,773,1,1114666,1442,1
855,1232910,857,14,1235794,20188,1
777,1093848,758,168,1093036,242256,1
867,1250214,869,87,1253098,125454,1
850,1225700,851,307,1227142,442694,1
779,1123318,870,669,1253140,963316,1
1070,1260948,869,365,1253098,526330,1
944,1361248,869,237,1253098,341754,1
873,1258866,873,509,1258866,733978,1
867,1250214,865,207,1247330,298494,1
977,1139149,893,52,1287706,74984,1
868,1251656,849,0,1224258,0,1
868,1251656,871,0,1255982,0,1
867,1250214,872,14,1256024,18806,1
868,1251656,869,176,1253098,253792,1
867,1250214,869,35,1253098,50470,1
642,925764,644,32,928648,46144,1
640,922880,642,32,925764,46144,1
894,1254126,869,78,1253098,112476,1
868,1251656,869,13,1253098,18746,1
868,1251656,870,56,1253140,79370,1
875,1252860,869,157,1253098,226394,1
945,1263630,869,80,1253098,115360,1
1055,1274654,872,0,1257424,0,1
868,1251656,870,66,1254540,95172,1
868,1251656,871,235,1255982,338870,1
1066,1272303,868,37,1251656,53354,1
867,1250214,870,184,1254540,265328,1
783,1129086,786,486,1132012,699430,1
781,1126202,783,560,1129086,807520,1
868,1251656,870,399,1254540,575358,1
868,1251656,871,497,1255982,716674,1
856,1234352,816,555,1176672,800310,1
586,845012,546,221,787332,318682,1
1127,1396546,870,0,1254540,0,1
868,1251656,870,188,1253140,269714,1
693,999306,869,125,1253098,180250,1
1041,1501122,870,94,1254540,135548,1
695,1002190,869,241,1253098,347522,1
1041,1501122,869,156,1253098,224952,1
694,1000748,869,145,1253098,209090,1
1040,1499680,868,54,1251656,77868,1
534,770028,681,159,982002,229278,1
1025,1384900,812,78,1169504,111094,1
867,1250214,870,65,1254540,93730,1
520,749840,524,0,755608,0,1
598,862316,707,181,1019494,261002,1
817,1178114,820,175,1182440,252350,1
804,1159368,730,317,1052660,457114,1
757,1091594,796,263,1147832,379246,1
857,1235794,860,77,1240120,111034,1
787,1134854,790,45,1137780,63508,1
868,1251656,869,294,1253098,423948,1
783,1127709,706,700,1018052,1009400,1
770,1049752,814,370,1173788,533540,1
704,1015168,705,147,1016610,211974,1
842,1214164,845,29,1218490,41818,1
846,1134812,784,662,1130528,954604,1
784,1130528,787,563,1133454,810464,1
867,1250214,868,75,1251656,108150,1
939,1263939,869,185,1253098,266770,1
1014,1264224,862,87,1243004,125454,1
1071,1273174,871,91,1255982,131222,1
867,1250214,872,473,1257424,682066,1
867,1250214,868,493,1251656,710906,1
867,1250214,871,590,1255982,850780,1
709,1022378,626,365,901292,524948,1
612,882504,699,31,1007958,44702,1
697,1005074,664,114,957488,164388,1
738,1064196,776,125,1118992,180250,1
858,1237236,776,76,1118992,109592,1
815,1014750,784,152,1129128,217802,1
801,1155042,802,152,1156484,219184,1
910,1312220,772,204,1113224,294168,1
666,960372,772,111,1113224,160062,1
957,1379994,848,88,1222816,126896,1
814,1005185,686,308,989212,444136,1
778,1121876,781,231,1124802,331720,1
998,1257148,936,300,1349712,432600,1
795,1146390,797,0,1149274,0,1
697,1005074,699,219,1007958,315798,1
867,1250214,871,260,1255982,374920,1
717,1033914,723,565,1041166,813348,1
867,1250214,873,216,1258866,311472,1
808,1165136,725,358,1045450,516236,1
721,1039682,807,236,1163694,340312,1
783,1129086,785,135,1131970,194670,1
775,1117550,777,110,1120434,158620,1
769,1108898,748,201,1077216,288460,1
615,886830,661,120,953162,173040,1
768,980856,607,149,875294,214858,1
703,1013726,671,109,967582,157178,1
772,1113224,757,286,1091594,412412,1
456,657552,608,181,875336,259620,1
943,1359806,771,95,1111782,136990,1
867,1250214,868,376,1251656,542192,1
799,1150842,802,203,1156484,292726,1
782,927612,631,299,909902,431158,1
782,1127644,784,226,1130528,325892,1
692,997864,786,350,1132012,503318,1
791,1140622,759,143,1094478,206206,1
737,1062754,772,22,1113224,31724,1
849,1224258,851,0,1227142,0,1
868,1251656,870,0,1254540,0,1
806,1162252,810,1,1166620,60,1
868,1251656,870,6,1254540,8652,1
1100,1284931,870,10,1254540,14420,1
866,1248772,871,22,1255982,31724,1
868,1251656,801,114,1155042,164388,1
787,1134854,721,336,1039682,484512,1
721,1039682,869,473,1251698,680684,1
954,1375668,849,318,1224258,458556,1
834,1202628,837,155,1206954,223510,1
825,1189650,787,11,1134854,15862,1
689,993538,866,251,1248772,361942,1
1142,1408870,786,19,1132012,26016,1
550,793100,544,116,784448,167272,1
782,1127644,794,37,1144948,53354,1
770,1110340,769,73,1108898,105266,1
831,1198302,834,46,1202628,66332,1
823,1186766,824,115,1188208,165830,1
1043,1199132,814,24,1172388,33226,1
867,1250214,870,171,1254540,246582,1
846,1219932,848,152,1222816,219184,1
774,1116108,776,211,1118992,304262,1
783,1129086,784,193,1130528,278306,1
845,1218490,847,439,1221374,633038,1
942,1068774,733,532,1056986,767144,1
727,1048334,730,177,1051260,253852,1
822,1185324,826,257,1191092,370594,1
868,1251656,869,393,1253098,566706,1
728,1049776,731,128,1054102,184576,1
528,761376,529,282,762818,406644,1
782,1127644,788,162,1136296,233604,1
760,1095920,760,207,1095920,298494,1
1053,1171042,804,301,1159368,434042,1
786,1133412,737,389,1061354,559556,1
865,1247330,864,186,1245888,268212,1
695,1002190,873,133,1258866,191786,1
956,1378552,786,0,1133412,0,1
611,881062,788,0,1136296,0,1
787,1134854,604,341,870968,491722,1
445,641690,622,245,896924,353290,1
867,1250214,869,63,1253098,90846,1
1037,1495354,865,259,1245930,372096,1
695,1000790,788,208,1136296,299936,1
887,1245454,779,726,1123318,1046892,1
868,1251656,871,237,1255982,341754,1
866,1248772,869,354,1253098,510468,1
784,1130528,784,318,1130528,458556,1
867,1250214,871,123,1255982,177366,1
852,1228584,854,51,1231468,73542,1
867,1250214,871,211,1254582,302880,1
868,1251656,873,125,1258866,180250,1
935,1259495,870,144,1254540,207648,1
989,1265813,870,585,1254540,843570,1
867,1250214,869,336,1253098,484512,1
782,1127644,788,161,1136296,232162,1
867,1250214,870,193,1254540,278306,1
867,1250214,871,167,1255982,240814,1
783,1129086,785,426,1130570,612910,1
718,1035356,719,177,1036798,255234,1
988,1253446,866,59,1248772,85078,1
868,1251656,870,0,1254540,0,1
858,1237236,861,0,1241562,0,1
759,1094478,762,0,1098804,0,1
868,1251656,869,0,1253098,0,1
851,1227142,853,40,1230026,57680,1
867,1250214,871,319,1254582,458616,1
866,1248772,867,116,1250214,167272,1
842,1214164,842,272,1214164,392224,1
853,1230026,858,293,1237236,422506,1
850,1225700,847,201,1221374,289842,1
997,1235026,860,239,1240120,344638,1
864,1245888,864,171,1245888,246582,1
867,1250214,869,137,1253098,197554,1
868,1251656,871,355,1254582,510528,1
1009,1265474,869,289,1253098,416738,1
867,1250214,871,39,1255982,56238,1
868,1251656,870,0,1254540,0,1
868,1251656,869,224,1253098,323008,1
867,1250214,869,79,1253098,113918,1
868,1251656,870,139,1254540,200438,1
868,1251656,869,171,1253098,246582,1
867,1250214,870,147,1253140,210592,1
993,1243182,855,239,1232910,344638,1
1011,1266054,870,46,1254540,66332,1
866,1248772,868,179,1251656,258118,1
784,1130528,787,104,1134854,149968,1
758,1093036,705,217,1016610,312914,1
812,1170904,869,7,1253098,10094,1
867,1250214,878,1,1264676,60,1
868,1251656,800,0,1153600,0,1
965,1164562,868,8,1251656,11536,1
867,1250214,870,105,1254540,151410,1
828,1193976,829,170,1195418,245140,1
864,1244591,785,105,1131970,151410,1
936,1091609,693,19,999306,27398,1
788,1136296,786,27,1133412,38934,1
791,1140622,870,110,1251740,155856,1
867,1250214,879,287,1267518,413854,1
923,1256826,869,14,1253098,20188,1
868,1251656,870,188,1254540,271096,1
867,1250214,869,266,1253098,383572,1
782,1127644,698,0,1006516,0,1
782,1127644,870,217,1254540,312914,1
868,1251656,871,100,1254582,142818,1
867,1250214,869,804,1253098,1159368,1
868,1251656,869,837,1253098,1206954,1
867,1250214,870,90,1254540,129780,1
831,1198302,835,0,1204070,0,1
1110,1292010,873,0,1258866,0,1
867,1250214,871,29,1255982,41818,1
866,1248772,871,187,1254582,268272,1
868,1251656,869,13,1253098,18746,1
1001,1260130,869,329,1253098,474418,1
783,1129086,785,247,1131970,356174,1
868,1251656,869,141,1253098,203322,1
868,1251656,871,0,1255982,0,1
867,1250214,872,0,1257424,0,1
868,1251656,871,0,1255982,0,1
867,1250214,875,1,1260350,60,1
867,1250214,871,6,1255982,8652,1
868,1251656,870,211,1254540,304262,1
869,1253098,869,79,1253098,113918,1
867,1250214,869,39,1253098,56238,1
936,1349712,870,25,1254540,36050,1
916,1258376,870,0,1254540,0,1
868,1250311,871,1,1254582,60,1
900,1253415,871,0,1255982,0,1
866,1248772,869,615,1253098,886830,1
868,1251656,869,293,1253098,422506,1
782,1127644,784,278,1130528,400876,1
845,1218490,848,103,1222816,148526,1
863,1244446,788,296,1136296,426832,1
810,1168020,814,120,1172388,171658,1
868,1251656,869,302,1253098,435484,1
750,1039612,720,145,1038240,209090,1
640,853503,589,161,849338,232162,1
867,1250214,937,301,1351154,434042,1
759,1094478,692,231,997864,333102,1
867,1250214,903,147,1302126,211974,1
975,1180190,811,30,1169462,43260,1
362,35041,223,57,20688,5268,0
0,0,0,0,0,0,0
0,0,0,0,0,0,0
0,0,0,0,0,0,0
37,5476,0,0,0,0,0
44,6512,0,0,0,0,0
0,0,0,0,0,0,0
237,30666,237,0,30666,0,0
0,0,1,23,42,3316,0
21,903,21,11,903,1089,0
115,14145,115,10,14145,430,0
2,302,0,31,0,3813,0
0,0,0,0,0,0,0
186,25482,188,0,25756,0,0
2,274,0,0,0,0,0
0,0,0,0,0,0,0
0,0,0,0,0,0,0
31,4030,0,0,0,0,0
0,0,0,0,0,0,0
0,0,0,0,0,0,0
0,0,0,0,0,0,0
0,0,0,0,0,0,0
0,0,0,0,0,0,0
1,104,80,0,8320,0,0
115,11960,37,1,3786,60,0
0,0,0,49,0,5096,0
29,5249,29,0,5249,0,0
4,284,0,4,0,724,0
45,3195,0,0,0,0,0
0,0,0,0,0,0,0
0,0,0,0,0,0,0
0,0,0,0,0,0,0
0,0,0,0,0,0,0
249,41085,249,0,41085,0,0
184,20056,1,19,42,3030,0
0,0,0,0,0,0,0
0,0,0,0,0,0,0
0,0,0,0,0,0,0
0,0,0,0,0,0,0
11,1529,0,0,0,0,0
22,2046,0,0,0,0,0
0,0,0,0,0,0,0
0,0,0,0,0,0,0
193,26634,193,0,26634,0,0
0,0,1,1,42,60,0
0,0,0,0,0,0,0
108,9720,0,0,0,0,0
0,0,0,0,0,0,0
0,0,0,0,0,0,0
0,0,0,0,0,0,0
154,13706,203,0,18067,0,0
50,4450,1,0,89,0,0
25,4500,0,0,0,0,0
107,7276,0,0,0,0,0
0,0,0,0,0,0,0
0,0,0,0,0,0,0
122,7442,122,0,7442,0,0
0,0,1,1,42,60,0
216,32400,0,4,0,244,0
0,0,0,0,0,0,0
0,0,0,0,0,0,0
0,0,0,0,0,0,0
0,0,0,0,0,0,0
0,0,0,0,0,0,0
0,0,0,0,0,0,0
0,0,0,0,0,0,0
0,0,0,0,0,0,0
1,117,18,0,2106,0,0
17,1989,1,1,42,60,0
12,1236,0,1,0,117,0
0,0,0,0,0,0,0
68,10268,68,0,10268,0,0
0,0,0,6,0,906,0
0,0,0,0,0,0,0
0,0,0,0,0,0,0
0,0,0,0,0,0,0
0,0,0,0,0,0,0
276,42306,246,0,39606,0,0
0,0,1,1,42,60,0
129,6579,0,0,0,0,0
0,0,0,0,0,0,0
186,20307,144,0,20160,0,0
138,17605,28,4,3920,560,0
0,0,0,9,0,1260,0
0,0,0,0,0,0,0
0,0,0,0,0,0,0
0,0,0,0,0,0,0
0,0,0,0,0,0,0
0,0,0,0,0,0,0
0,0,0,0,0,0,0
0,0,0,0,0,0,0
25,1900,0,0,0,0,0
196,15088,24,0,2016,0,0
0,0,1,1,42,60,0
0,0,0,0,0,0,0
63,4473,63,0,4473,0,0
0,0,0,18,0,1278,0
0,0,0,0,0,0,0
0,0,0,0,0,0,0
0,0,0,0,0,0,0
0,0,0,0,0,0,0
0,0,0,0,0,0,0
0,0,0,0,0,0,0
91,13286,0,0,0,0,0
0,0,0,0,0,0,0
0,0,0,0,0,0,0
38,4560,38,0,4560,0,0
0,0,1,2,42,180,0
0,0,0,0,0,0,0
0,0,0,0,0,0,0
0,0,0,0,0,0,0
81,4374,0,0,0,0,0
200,26080,191,0,25594,0,0
0,0,0,85,0,11390,0
0,0,0,0,0,0,0
0,0,0,0,0,0,0
0,0,0,0,0,0,0
0,0,0,0,0,0,0
0,0,0,0,0,0,0
0,0,0,0,0,0,0
0,0,0,0,0,0,0
0,0,0,0,0,0,0
1,68,0,0,0,0,0
79,5155,31,0,1891,0,0
0,0,1,2,42,121,0
0,0,0,0,0,0,0
46,5842,0,0,0,0,0
53,8268,0,0,0,0,0
193,30108,0,0,0,0,0
0,0,0,0,0,0,0
0,0,0,0,0,0,0
82,9676,82,0,9676,0,0
0,0,1,14,42,1594,0
0,0,0,0,0,0,0
0,0,0,0,0,0,0
37,1628,0,0,0,0,0
169,23998,0,0,0,0,0
0,0,0,0,0,0,0
201,34170,201,0,34170,0,0
0,0,1,1,42,60,0
0,0,0,0,0,0,0
0,0,0,0,0,0,0
216,31968,0,0,0,0,0
0,0,0,0,0,0,0
8,928,166,0,19256,0,0
181,21824,1,2,42,176,0
0,0,0,18,0,2088,0
0,0,0,0,0,0,0
80,9360,0,0,0,0,0
10,1170,0,0,0,0,0
0,0,0,0,0,0,0
0,0,0,0,0,0,0
0,0,0,0,0,0,0
0,0,0,0,0,0,0
245,20825,245,0,20825,0,0
0,0,1,96,42,8135,0
0,0,0,0,0,0,0
0,0,0,0,0,0,0
163,17441,0,0,0,0,0
23,2461,0,0,0,0,0
0,0,0,0,0,0,0
0,0,0,0,0,0,0
209,27797,209,0,27797,0,0
0,0,1,87,42,11498,0
0,0,0,0,0,0,0
0,0,0,0,0,0,0
0,0,0,0,0,0,0
0,0,0,0,0,0,0
0,0,0,0,0,0,0
0,0,0,0,0,0,0
40,2600,0,0,0,0,0
0,0,0,0,0,0,0
0,0,0,0,0,0,0
9,666,0,0,0,0,0
33,4488,33,0,4488,0,0
0,0,1,7,42,876,0
0,0,0,0,0,0,0
0,0,0,0,0,0,0
0,0,0,0,0,0,0
92,13248,0,0,0,0,0
23,3312,0,0,0,0,0
0,0,0,0,0,0,0
154,12166,154,0,12166,0,0
0,0,1,1,42,60,0
0,0,0,0,0,0,0
127,11557,190,0,17290,0,0
147,20853,0,30,0,2730,0
0,0,0,8,0,728,0
208,31408,208,0,31408,0,0
0,0,1,50,42,7459,0
17,1598,17,0,1598,0,0
0,0,0,1,0,94,0
0,0,0,0,0,0,0
0,0,0,0,0,0,0
0,0,0,0,0,0,0
44,4004,0,0,0,0,0
0,0,0,0,0,0,0
383,26161,155,0,16585,0,0
0,0,1,29,42,3056,0
0,0,0,0,0,0,0
0,0,0,0,0,0,0
1,70,0,0,0,0,0
65,4550,0,0,0,0,0
120,18840,0,0,0,0,0
0,0,0,0,0,0,0
0,0,0,0,0,0,0
0,0,0,0,0,0,0
0,0,0,0,0,0,0
11,1397,0,0,0,0,0
133,21049,99,0,16731,0,0
1,153,1,15,42,2426,0
238,36414,0,0,0,0,0
0,0,0,0,0,0,0
0,0,0,0,0,0,0
140,7840,140,0,7840,0,0
0,0,0,19,0,1064,0
0,0,0,0,0,0,0
0,0,0,0,0,0,0
78,11154,78,0,11154,0,0
174,22620,1,1,42,60,0
0,0,0,0,0,0,0
0,0,0,0,0,0,0
0,0,0,0,0,0,0
27,3213,0,0,0,0,0
33,3927,0,0,0,0,0
0,0,0,0,0,0,0
1,48,3,0,144,0,0
129,6192,128,1,6138,60,0
0,0,0,0,0,0,0
0,0,0,0,0,0,0
0,0,0,0,0,0,0
0,0,0,0,0,0,0
0,0,0,0,0,0,0
0,0,0,0,0,0,0
299,28761,186,0,22320,0,0
0,0,1,42,42,4980,0
228,18696,0,0,0,0,0
0,0,0,0,0,0,0
84,8484,84,0,8484,0,0
0,0,0,21,0,2121,0
0,0,0,4,0,404,0
0,0,0,0,0,0,0
0,0,0,0,0,0,0
0,0,0,0,0,0,0
0,0,0,0,0,0,0
30,2130,0,0,0,0,0
61,10675,61,0,10675,0,0
0,0,1,21,42,3560,0
0,0,0,0,0,0,0
0,0,0,0,0,0,0
0,0,0,0,0,0,0
209,11704,0,0,0,0,0
6,732,6,0,732,0,0
0,0,0,1,0,122,0
0,0,0,0,0,0,0
0,0,0,0,0,0,0
0,0,0,0,0,0,0
0,0,0,0,0,0,0
22,2508,0,0,0,0,0
72,5832,0,0,0,0,0
0,0,0,0,0,0,0
20,2060,159,0,16377,0,0
226,23278,88,23,9003,2326,0
0,0,0,56,0,5768,0
0,0,0,0,0,0,0
147,17787,147,0,17787,0,0
15,1455,0,14,0,1694,0
0,0,0,0,0,0,0
0,0,0,0,0,0,0
0,0,0,0,0,0,0
115,9890,115,0,9890,0,0
52,7436,52,13,7436,1118,0
0,0,0,3,0,429,0
0,0,0,0,0,0,0
0,0,0,0,0,0,0
181,27150,0,0,0,0,0
6,390,0,0,0,0,0
200,13000,0,0,0,0,0
0,0,0,0,0,0,0
275,35546,27,0,4050,0,0
0,0,1,1,42,60,0
73,5548,0,0,0,0,0
0,0,0,0,0,0,0
0,0,0,0,0,0,0
37,3071,0,0,0,0,0
0,0,0,0,0,0,0
0,0,0,0,0,0,0
68,3264,68,0,3264,0,0
0,0,0,1,0,48,0
0,0,0,0,0,0,0
0,0,0,0,0,0,0
0,0,0,0,0,0,0
0,0,0,0,0,0,0
82,3526,0,0,0,0,0
47,2021,0,0,0,0,0
0,0,0,0,0,0,0
4,492,0,0,0,0,0
0,0,0,0,0,0,0
119,21420,119,0,21420,0,0
0,0,1,2,42,240,0
0,0,0,0,0,0,0
0,0,0,0,0,0,0
0,0,0,0,0,0,0
0,0,0,0,0,0,0
0,0,0,0,0,0,0
0,0,0,0,0,0,0
0,0,0,0,0,0,0
1,177,0,0,0,0,0
117,19717,31,0,4495,0,0
0,0,1,11,42,1510,0
0,0,0,0,0,0,0
0,0,0,0,0,0,0
40,5440,0,0,0,0,0
0,0,0,0,0,0,0
0,0,0,0,0,0,0
0,0,0,0,0,0,0
149,9387,150,0,9429,0,0
0,0,0,5,0,312,0
0,0,0,0,0,0,0
0,0,0,0,0,0,0
192,27456,192,0,27456,0,0
0,0,0,27,0,3861,0
94,8366,0,0,0,0,0
139,12371,0,0,0,0,0
0,0,0,0,0,0,0
0,0,0,0,0,0,0
0,0,0,0,0,0,0
0,0,0,0,0,0,0
0,0,0,0,0,0,0
131,8122,0,0,0,0,0
0,0,0,0,0,0,0
140,13440,140,0,13440,0,0
0,0,1,8,42,732,0
0,0,0,0,0,0,0
0,0,0,0,0,0,0
0,0,0,0,0,0,0
0,0,0,0,0,0,0
248,36622,98,0,11368,0,0
88,10208,92,6,6139,640,0
114,7644,22,3,1474,348,0
33,2409,0,30,0,2010,0
0,0,0,0,0,0,0
0,0,0,0,0,0,0
0,0,0,0,0,0,0
0,0,0,0,0,0,0
0,0,0,0,0,0,0
0,0,0,0,0,0,0
206,16439,57,0,3648,0,0
246,34224,1,1,42,60,0
86,13674,209,1,33231,64,0
123,19557,0,0,0,0,0
62,10230,0,0,0,0,0
0,0,0,0,0,0,0
0,0,0,0,0,0,0
0,0,0,0,0,0,0
0,0,0,0,0,0,0
0,0,0,0,0,0,0
0,0,0,0,0,0,0
0,0,0,0,0,0,0
362,35041,141,35,14437,3584,0
0,0,0,0,0,0,0
0,0,0,0,0,0,0
0,0,0,0,0,0,0
37,5476,38,0,5624,0,0
44,6512,43,0,6364,0,0
0,0,0,34,0,5032,0
237,30666,0,0,0,0,0
0,0,0,0,0,0,0
21,903,0,0,0,0,0
115,14145,0,0,0,0,0
2,302,2,0,302,0,0
0,0,1,1,42,60,0
186,25482,0,0,0,0,0
2,274,0,0,0,0,0
0,0,0,0,0,0,0
0,0,0,0,0,0,0
31,4030,31,0,4030,0,0
0,0,0,8,0,1040,0
0,0,0,0,0,0,0
0,0,0,0,0,0,0
0,0,0,0,0,0,0
0,0,0,0,0,0,0
1,104,0,0,0,0,0
115,11960,0,0,0,0,0
0,0,0,0,0,0,0
29,5249,0,0,0,0,0
4,284,49,0,3479,0,0
45,3195,1,11,42,770,0
0,0,0,6,0,426,0
0,0,0,0,0,0,0
0,0,0,0,0,0,0
0,0,0,0,0,0,0
249,41085,0,0,0,0,0
184,20056,184,0,20056,0,0
0,0,0,6,0,654,0
0,0,0,0,0,0,0
0,0,0,0,0,0,0
0,0,0,0,0,0,0
11,1529,11,0,1529,0,0
22,2046,23,1,2088,60,0
0,0,0,2,0,278,0
0,0,0,0,0,0,0
193,26634,0,0,0,0,0
0,0,0,0,0,0,0
0,0,0,0,0,0,0
108,9720,108,0,9720,0,0
0,0,0,16,0,1440,0
0,0,0,0,0,0,0
0,0,0,0,0,0,0
154,13706,0,0,0,0,0
50,4450,0,0,0,0,0
25,4500,25,0,4500,0,0
107,7276,108,10,7318,1680,0
0,0,0,19,0,1292,0
0,0,0,0,0,0,0
122,7442,0,0,0,0,0
0,0,0,0,0,0,0
216,32400,216,0,32400,0,0
0,0,0,3,0,450,0
0,0,0,0,0,0,0
0,0,0,0,0,0,0
0,0,0,0,0,0,0
0,0,0,0,0,0,0
0,0,0,0,0,0,0
0,0,0,0,0,0,0
0,0,0,0,0,0,0
1,117,0,0,0,0,0
17,1989,0,0,0,0,0
12,1236,12,0,1236,0,0
0,0,1,1,42,60,0
68,10268,0,0,0,0,0
0,0,0,0,0,0,0
0,0,0,0,0,0,0
0,0,0,0,0,0,0
0,0,0,0,0,0,0
0,0,0,0,0,0,0
276,42306,30,0,2700,0,0
0,0,0,0,0,0,0
129,6579,129,0,6579,0,0
0,0,1,42,42,2151,0
186,20307,152,0,13832,0,0
138,17605,0,24,0,2184,0
0,0,0,9,0,819,0
0,0,0,0,0,0,0
0,0,0,0,0,0,0
0,0,0,0,0,0,0
0,0,0,0,0,0,0
0,0,0,0,0,0,0
0,0,0,0,0,0,0
0,0,0,0,0,0,0
25,1900,54,0,4104,0,0
196,15088,144,1,10910,60,0
0,0,0,31,0,2356,0
0,0,0,0,0,0,0
63,4473,0,0,0,0,0
0,0,0,0,0,0,0
0,0,0,0,0,0,0
0,0,0,0,0,0,0
0,0,0,0,0,0,0
0,0,0,0,0,0,0
0,0,0,0,0,0,0
0,0,0,0,0,0,0
91,13286,91,0,13286,0,0
0,0,1,13,42,1812,0
0,0,0,0,0,0,0
38,4560,0,0,0,0,0
0,0,0,0,0,0,0
0,0,0,0,0,0,0
0,0,0,0,0,0,0
0,0,0,0,0,0,0
81,4374,90,0,4860,0,0
200,26080,0,0,0,0,0
0,0,0,51,0,2754,0
0,0,0,0,0,0,0
0,0,0,0,0,0,0
0,0,0,0,0,0,0
0,0,0,0,0,0,0
0,0,0,0,0,0,0
0,0,0,0,0,0,0
0,0,0,0,0,0,0
0,0,0,0,0,0,0
1,68,13,0,884,0,0
79,5155,37,1,2490,60,0
0,0,0,6,0,408,0
0,0,0,0,0,0,0
46,5842,46,0,5842,0,0
53,8268,188,0,29328,0,0
193,30108,58,0,9048,0,0
0,0,0,0,0,0,0
0,0,0,0,0,0,0
82,9676,0,0,0,0,0
0,0,0,0,0,0,0
0,0,0,0,0,0,0
0,0,0,0,0,0,0
37,1628,37,0,1628,0,0
169,23998,170,1,24040,60,0
0,0,0,2,0,284,0
201,34170,0,0,0,0,0
0,0,0,0,0,0,0
0,0,0,0,0,0,0
0,0,0,0,0,0,0
216,31968,216,0,31968,0,0
0,0,1,18,42,2576,0
8,928,0,0,0,0,0
181,21824,23,0,3496,0,0
0,0,0,0,0,0,0
0,0,0,0,0,0,0
80,9360,90,0,10530,0,0
10,1170,0,6,0,702,0
0,0,0,0,0,0,0
0,0,0,0,0,0,0
0,0,0,0,0,0,0
0,0,0,0,0,0,0
245,20825,0,0,0,0,0
0,0,0,0,0,0,0
0,0,0,0,0,0,0
0,0,0,0,0,0,0
163,17441,186,0,19902,0,0
23,2461,1,35,42,3698,0
0,0,0,0,0,0,0
0,0,0,0,0,0,0
209,27797,0,0,0,0,0
0,0,0,0,0,0,0
0,0,0,0,0,0,0
0,0,0,0,0,0,0
0,0,0,0,0,0,0
0,0,0,0,0,0,0
0,0,0,0,0,0,0
0,0,0,0,0,0,0
40,2600,40,0,2600,0,0
0,0,1,29,42,1880,0
0,0,0,0,0,0,0
9,666,9,0,666,0,0
33,4488,0,0,0,0,0
0,0,0,0,0,0,0
0,0,0,0,0,0,0
0,0,0,0,0,0,0
0,0,0,0,0,0,0
92,13248,115,0,16560,0,0
23,3312,1,9,42,1212,0
0,0,0,3,0,432,0
154,12166,0,0,0,0,0
0,0,0,0,0,0,0
0,0,0,0,0,0,0
127,11557,0,0,0,0,0
147,20853,84,0,15120,0,0
0,0,0,11,0,1980,0
208,31408,0,0,0,0,0
0,0,0,0,0,0,0
17,1598,0,0,0,0,0
0,0,0,0,0,0,0
0,0,0,0,0,0,0
0,0,0,0,0,0,0
0,0,0,0,0,0,0
44,4004,44,0,4004,0,0
0,0,1,18,42,1607,0
383,26161,228,0,9576,0,0
0,0,0,36,0,1512,0
0,0,0,0,0,0,0
0,0,0,0,0,0,0
1,70,16,0,1120,0,0
65,4550,50,0,3500,0,0
120,18840,120,16,18840,1120,0
0,0,0,38,0,5966,0
0,0,0,0,0,0,0
0,0,0,0,0,0,0
0,0,0,0,0,0,0
11,1397,45,0,5715,0,0
133,21049,1,1,42,60,0
1,153,2,13,306,1651,0
238,36414,237,0,36261,0,0
0,0,0,106,0,16218,0
0,0,0,0,0,0,0
140,7840,0,0,0,0,0
0,0,0,0,0,0,0
0,0,0,0,0,0,0
0,0,0,0,0,0,0
78,11154,0,0,0,0,0
174,22620,174,0,22620,0,0
0,0,1,1,42,60,0
0,0,0,0,0,0,0
0,0,0,0,0,0,0
27,3213,60,0,7140,0,0
33,3927,0,14,0,1666,0
0,0,0,0,0,0,0
1,48,0,0,0,0,0
129,6192,0,0,0,0,0
0,0,0,0,0,0,0
0,0,0,0,0,0,0
0,0,0,0,0,0,0
0,0,0,0,0,0,0
0,0,0,0,0,0,0
0,0,0,0,0,0,0
299,28761,113,0,6441,0,0
0,0,1,20,42,1143,0
228,18696,228,0,18696,0,0
0,0,0,2,0,164,0
84,8484,0,0,0,0,0
0,0,0,0,0,0,0
0,0,0,0,0,0,0
0,0,0,0,0,0,0
0,0,0,0,0,0,0
0,0,0,0,0,0,0
0,0,0,0,0,0,0
30,2130,30,0,2130,0,0
61,10675,1,11,42,770,0
0,0,0,0,0,0,0
0,0,0,0,0,0,0
0,0,0,0,0,0,0
0,0,0,0,0,0,0
209,11704,209,0,11704,0,0
6,732,0,10,0,560,0
0,0,0,0,0,0,0
0,0,0,0,0,0,0
0,0,0,0,0,0,0
0,0,0,0,0,0,0
0,0,0,0,0,0,0
22,2508,52,0,4938,0,0
72,5832,43,14,3444,1542,0
0,0,0,18,0,1458,0
20,2060,0,0,0,0,0
226,23278,0,0,0,0,0
0,0,0,0,0,0,0
0,0,0,0,0,0,0
147,17787,0,0,0,0,0
15,1455,15,0,1455,0,0
0,0,1,1,42,60,0
0,0,0,0,0,0,0
0,0,0,0,0,0,0
115,9890,0,0,0,0,0
52,7436,0,0,0,0,0
0,0,0,0,0,0,0
0,0,0,0,0,0,0
0,0,0,0,0,0,0
181,27150,181,0,27150,0,0
6,390,68,15,4397,2160,0
200,13000,139,0,9035,0,0
0,0,0,77,0,5005,0
275,35546,248,0,31496,0,0
0,0,0,0,0,0,0
73,5548,73,0,5548,0,0
0,0,0,0,0,0,0
0,0,0,0,0,0,0
37,3071,37,0,3071,0,0
0,0,1,4,42,309,0
0,0,0,0,0,0,0
68,3264,0,0,0,0,0
0,0,0,0,0,0,0
0,0,0,0,0,0,0
0,0,0,0,0,0,0
0,0,0,0,0,0,0
0,0,0,0,0,0,0
82,3526,129,0,5547,0,0
47,2021,1,1,42,60,0
0,0,0,0,0,0,0
4,492,4,0,492,0,0
0,0,0,0,0,0,0
119,21420,0,0,0,0,0
0,0,0,0,0,0,0
0,0,0,0,0,0,0
0,0,0,0,0,0,0
0,0,0,0,0,0,0
0,0,0,0,0,0,0
0,0,0,0,0,0,0
0,0,0,0,0,0,0
0,0,0,0,0,0,0
1,177,36,0,6372,0,0
117,19717,52,1,9069,60,0
0,0,0,21,0,3717,0
0,0,0,0,0,0,0
0,0,0,0,0,0,0
40,5440,40,0,5440,0,0
0,0,0,0,0,0,0
0,0,0,0,0,0,0
0,0,0,0,0,0,0
149,9387,0,0,0,0,0
0,0,0,0,0,0,0
0,0,0,0,0,0,0
0,0,0,0,0,0,0
192,27456,0,0,0,0,0
0,0,0,0,0,0,0
94,8366,218,0,19402,0,0
139,12371,16,14,1377,1217,0
0,0,0,36,0,3204,0
0,0,0,0,0,0,0
0,0,0,0,0,0,0
0,0,0,0,0,0,0
0,0,0,0,0,0,0
131,8122,131,0,8122,0,0
0,0,1,25,42,1548,0
140,13440,0,0,0,0,0
0,0,0,0,0,0,0
0,0,0,0,0,0,0
0,0,0,0,0,0,0
0,0,0,0,0,0,0
0,0,0,0,0,0,0
248,36622,238,0,35462,0,0
88,10208,1,37,42,5424,0
114,7644,14,0,1022,0,0
33,2409,20,0,1460,0,0
0,0,0,20,0,1460,0
0,0,0,0,0,0,0
0,0,0,0,0,0,0
0,0,0,0,0,0,0
0,0,0,0,0,0,0
0,0,0,0,0,0,0
206,16439,155,0,13175,0,0
246,34224,241,4,33882,315,0
86,13674,0,7,0,987,0
123,19557,0,0,0,0,0
62,10230,62,0,10230,0,0
0,0,0,21,0,3465,0
0,0,0,0,0,0,0
0,0,0,0,0,0,0
0,0,0,0,0,0,0
0,0,0,0,0,0,0
0,0,0,0,0,0,0
0,0,0,0,0,0,0
